// SPDX-License-Identifier: OFL-1.1
// Generated by scripts/generate_hk_glyph_font.py; do not edit.
// Source font: Noto Sans CJK HK Regular 2.004
// Source SHA-256: 97c937514d645eae90415d30ba025e08a94d5bdffdc627404864f90aa0c7d83b
// Raster: 16px, baseline 14px, threshold 128
// Licence: third_party/fonts/noto-sans-cjk-hk/OFL.txt
// Upstream notice: third_party/fonts/noto-sans-cjk-hk/UPSTREAM-NOTICE.md

#include "HkGlyphFont.h"

const HkGlyph kHkGlyphs[] = {
    {0x0020, 4, {0x0000, 0x0000, 0x0000, 0x0000, 0x0000, 0x0000, 0x0000, 0x0000, 0x0000, 0x0000, 0x0000, 0x0000, 0x0000, 0x0000, 0x0000, 0x0000}},
    {0x0021, 5, {0x0000, 0x0000, 0x2000, 0x2000, 0x2000, 0x2000, 0x2000, 0x2000, 0x2000, 0x2000, 0x0000, 0x0000, 0x2000, 0x2000, 0x0000, 0x0000}},
    {0x0022, 8, {0x0000, 0x2400, 0x6400, 0x2400, 0x2400, 0x2400, 0x0000, 0x0000, 0x0000, 0x0000, 0x0000, 0x0000, 0x0000, 0x0000, 0x0000, 0x0000}},
    {0x0023, 9, {0x0000, 0x0000, 0x0000, 0x1200, 0x1200, 0x1200, 0x7F00, 0x2200, 0x2200, 0x7F00, 0x2400, 0x2400, 0x2400, 0x2400, 0x0000, 0x0000}},
    {0x0024, 9, {0x0800, 0x0800, 0x1C00, 0x2200, 0x6000, 0x6000, 0x3000, 0x1C00, 0x0600, 0x0300, 0x0300, 0x0300, 0x6600, 0x3C00, 0x0800, 0x0800}},
    {0x0025, 15, {0x0000, 0x0000, 0x3820, 0x4C40, 0x4440, 0x4480, 0x44B8, 0x496C, 0x3944, 0x0244, 0x0444, 0x0444, 0x084C, 0x0838, 0x0000, 0x0000}},
    {0x0026, 11, {0x0000, 0x0000, 0x1C00, 0x3200, 0x2200, 0x2600, 0x1C00, 0x1800, 0x3840, 0x6CC0, 0x4680, 0x4380, 0x63C0, 0x3C40, 0x0000, 0x0000}},
    {0x0027, 4, {0x0000, 0x2000, 0x6000, 0x2000, 0x2000, 0x2000, 0x0000, 0x0000, 0x0000, 0x0000, 0x0000, 0x0000, 0x0000, 0x0000, 0x0000, 0x0000}},
    {0x0028, 5, {0x0000, 0x0000, 0x1000, 0x1000, 0x2000, 0x2000, 0x2000, 0x2000, 0x2000, 0x6000, 0x2000, 0x2000, 0x2000, 0x2000, 0x3000, 0x1000}},
    {0x0029, 5, {0x0000, 0x4000, 0x4000, 0x2000, 0x2000, 0x2000, 0x3000, 0x1000, 0x1000, 0x1000, 0x1000, 0x1000, 0x3000, 0x2000, 0x2000, 0x6000}},
    {0x002A, 7, {0x0000, 0x1000, 0x1000, 0x3C00, 0x3800, 0x2800, 0x0000, 0x0000, 0x0000, 0x0000, 0x0000, 0x0000, 0x0000, 0x0000, 0x0000, 0x0000}},
    {0x002B, 9, {0x0000, 0x0000, 0x0000, 0x0000, 0x0800, 0x0800, 0x0800, 0x0800, 0x7F00, 0x0800, 0x0800, 0x0800, 0x0800, 0x0000, 0x0000, 0x0000}},
    {0x002C, 4, {0x0000, 0x0000, 0x0000, 0x0000, 0x0000, 0x0000, 0x0000, 0x0000, 0x0000, 0x0000, 0x0000, 0x0000, 0x6000, 0x6000, 0x2000, 0x2000}},
    {0x002D, 6, {0x0000, 0x0000, 0x0000, 0x0000, 0x0000, 0x0000, 0x0000, 0x0000, 0x0000, 0x7800, 0x0000, 0x0000, 0x0000, 0x0000, 0x0000, 0x0000}},
    {0x002E, 4, {0x0000, 0x0000, 0x0000, 0x0000, 0x0000, 0x0000, 0x0000, 0x0000, 0x0000, 0x0000, 0x0000, 0x0000, 0x6000, 0x6000, 0x0000, 0x0000}},
    {0x002F, 6, {0x0000, 0x0400, 0x0400, 0x0800, 0x0800, 0x0800, 0x1000, 0x1000, 0x1000, 0x3000, 0x2000, 0x2000, 0x2000, 0x4000, 0x4000, 0x4000}},
    {0x0030, 9, {0x0000, 0x0000, 0x1C00, 0x3600, 0x6200, 0x4300, 0x4100, 0x4100, 0x4100, 0x4100, 0x4300, 0x6200, 0x3600, 0x1C00, 0x0000, 0x0000}},
    {0x0031, 9, {0x0000, 0x0000, 0x1800, 0x3800, 0x0800, 0x0800, 0x0800, 0x0800, 0x0800, 0x0800, 0x0800, 0x0800, 0x0C00, 0x7F00, 0x0000, 0x0000}},
    {0x0032, 9, {0x0000, 0x0000, 0x3C00, 0x6600, 0x0200, 0x0200, 0x0200, 0x0200, 0x0600, 0x0C00, 0x1800, 0x3000, 0x6000, 0x7F00, 0x0000, 0x0000}},
    {0x0033, 9, {0x0000, 0x0000, 0x3C00, 0x6600, 0x0300, 0x0200, 0x0600, 0x1C00, 0x0600, 0x0300, 0x0300, 0x0300, 0x6600, 0x3C00, 0x0000, 0x0000}},
    {0x0034, 9, {0x0000, 0x0000, 0x0600, 0x0E00, 0x0E00, 0x1600, 0x3600, 0x2600, 0x6600, 0x4600, 0xFF00, 0x0600, 0x0600, 0x0600, 0x0000, 0x0000}},
    {0x0035, 9, {0x0000, 0x0000, 0x3E00, 0x2000, 0x2000, 0x2000, 0x7C00, 0x2600, 0x0300, 0x0300, 0x0300, 0x0300, 0x6600, 0x3C00, 0x0000, 0x0000}},
    {0x0036, 9, {0x0000, 0x0000, 0x1E00, 0x3300, 0x2000, 0x6000, 0x4000, 0x5E00, 0x6300, 0x4100, 0x4100, 0x6100, 0x3200, 0x1C00, 0x0000, 0x0000}},
    {0x0037, 9, {0x0000, 0x0000, 0x7F00, 0x0300, 0x0200, 0x0400, 0x0400, 0x0C00, 0x0800, 0x0800, 0x0800, 0x1800, 0x1800, 0x1800, 0x0000, 0x0000}},
    {0x0038, 9, {0x0000, 0x0000, 0x1C00, 0x2200, 0x6300, 0x6300, 0x2200, 0x1E00, 0x2E00, 0x4300, 0x4100, 0x4100, 0x6300, 0x3C00, 0x0000, 0x0000}},
    {0x0039, 9, {0x0000, 0x0000, 0x3C00, 0x6600, 0x4200, 0x4300, 0x4300, 0x6300, 0x3D00, 0x0300, 0x0300, 0x0200, 0x6600, 0x3800, 0x0000, 0x0000}},
    {0x003A, 4, {0x0000, 0x0000, 0x0000, 0x0000, 0x0000, 0x6000, 0x6000, 0x0000, 0x0000, 0x0000, 0x0000, 0x0000, 0x6000, 0x6000, 0x0000, 0x0000}},
    {0x003B, 4, {0x0000, 0x0000, 0x0000, 0x0000, 0x0000, 0x0000, 0x6000, 0x6000, 0x0000, 0x0000, 0x0000, 0x0000, 0x6000, 0x6000, 0x2000, 0x2000}},
    {0x003C, 9, {0x0000, 0x0000, 0x0000, 0x0000, 0x0000, 0x0100, 0x0E00, 0x7000, 0x6000, 0x3800, 0x0F00, 0x0100, 0x0000, 0x0000, 0x0000, 0x0000}},
    {0x003D, 9, {0x0000, 0x0000, 0x0000, 0x0000, 0x0000, 0x0000, 0x7F00, 0x0000, 0x0000, 0x0000, 0x7F00, 0x0000, 0x0000, 0x0000, 0x0000, 0x0000}},
    {0x003E, 9, {0x0000, 0x0000, 0x0000, 0x0000, 0x0000, 0x4000, 0x3800, 0x0E00, 0x0300, 0x0E00, 0x7000, 0x4000, 0x0000, 0x0000, 0x0000, 0x0000}},
    {0x003F, 8, {0x0000, 0x0000, 0x3C00, 0x4400, 0x0600, 0x0400, 0x0C00, 0x0800, 0x1800, 0x1000, 0x0000, 0x0000, 0x1000, 0x1000, 0x0000, 0x0000}},
    {0x0040, 15, {0x0000, 0x0000, 0x03E0, 0x0C30, 0x1808, 0x3004, 0x23C4, 0x4644, 0x4444, 0x4444, 0x4C44, 0x44C8, 0x4770, 0x2000, 0x3000, 0x1840}},
    {0x0041, 10, {0x0000, 0x0000, 0x0C00, 0x0C00, 0x1400, 0x1200, 0x1200, 0x3200, 0x2300, 0x3F00, 0x6100, 0x4180, 0x4080, 0xC080, 0x0000, 0x0000}},
    {0x0042, 11, {0x0000, 0x0000, 0x3F00, 0x2180, 0x2080, 0x2080, 0x2180, 0x3F00, 0x2180, 0x20C0, 0x20C0, 0x20C0, 0x2180, 0x3F00, 0x0000, 0x0000}},
    {0x0043, 10, {0x0000, 0x0000, 0x0F00, 0x1980, 0x3000, 0x6000, 0x6000, 0x4000, 0x6000, 0x6000, 0x6000, 0x3000, 0x1980, 0x0F00, 0x0000, 0x0000}},
    {0x0044, 11, {0x0000, 0x0000, 0x3E00, 0x2300, 0x2180, 0x20C0, 0x20C0, 0x20C0, 0x20C0, 0x20C0, 0x20C0, 0x2180, 0x2300, 0x3E00, 0x0000, 0x0000}},
    {0x0045, 9, {0x0000, 0x0000, 0x3F00, 0x2000, 0x2000, 0x2000, 0x2000, 0x3F00, 0x2000, 0x2000, 0x2000, 0x2000, 0x2000, 0x3F80, 0x0000, 0x0000}},
    {0x0046, 9, {0x0000, 0x0000, 0x3F00, 0x2000, 0x2000, 0x2000, 0x2000, 0x3F00, 0x2000, 0x2000, 0x2000, 0x2000, 0x2000, 0x2000, 0x0000, 0x0000}},
    {0x0047, 11, {0x0000, 0x0000, 0x0F00, 0x1980, 0x3000, 0x6000, 0x6000, 0x6000, 0x63C0, 0x60C0, 0x60C0, 0x30C0, 0x18C0, 0x0F00, 0x0000, 0x0000}},
    {0x0048, 12, {0x0000, 0x0000, 0x2040, 0x2040, 0x2040, 0x2040, 0x2040, 0x3FC0, 0x20C0, 0x2040, 0x2040, 0x2040, 0x2040, 0x2040, 0x0000, 0x0000}},
    {0x0049, 5, {0x0000, 0x0000, 0x2000, 0x2000, 0x2000, 0x2000, 0x2000, 0x2000, 0x2000, 0x2000, 0x2000, 0x2000, 0x2000, 0x2000, 0x0000, 0x0000}},
    {0x004A, 9, {0x0000, 0x0000, 0x0200, 0x0200, 0x0200, 0x0200, 0x0200, 0x0200, 0x0200, 0x0200, 0x0600, 0x0600, 0x6C00, 0x3C00, 0x0000, 0x0000}},
    {0x004B, 10, {0x0000, 0x0000, 0x2080, 0x2100, 0x2300, 0x2600, 0x2C00, 0x3E00, 0x3200, 0x3300, 0x2100, 0x2180, 0x2080, 0x20C0, 0x0000, 0x0000}},
    {0x004C, 9, {0x0000, 0x0000, 0x2000, 0x2000, 0x2000, 0x2000, 0x2000, 0x2000, 0x2000, 0x2000, 0x2000, 0x2000, 0x2000, 0x3F00, 0x0000, 0x0000}},
    {0x004D, 13, {0x0000, 0x0000, 0x3060, 0x3060, 0x3060, 0x38E0, 0x28A0, 0x28A0, 0x2D20, 0x2520, 0x2720, 0x2220, 0x2220, 0x2020, 0x0000, 0x0000}},
    {0x004E, 12, {0x0000, 0x0000, 0x2040, 0x3040, 0x3840, 0x2840, 0x2C40, 0x2440, 0x2640, 0x2240, 0x2340, 0x21C0, 0x20C0, 0x20C0, 0x0000, 0x0000}},
    {0x004F, 12, {0x0000, 0x0000, 0x0F00, 0x1980, 0x30C0, 0x6060, 0x6060, 0x4060, 0x6060, 0x6060, 0x6060, 0x30C0, 0x1980, 0x0F00, 0x0000, 0x0000}},
    {0x0050, 10, {0x0000, 0x0000, 0x3E00, 0x2180, 0x2080, 0x2080, 0x2080, 0x2180, 0x3F00, 0x2000, 0x2000, 0x2000, 0x2000, 0x2000, 0x0000, 0x0000}},
    {0x0051, 12, {0x0000, 0x0000, 0x0F00, 0x1980, 0x30C0, 0x6060, 0x6060, 0x4060, 0x4060, 0x6060, 0x6060, 0x20C0, 0x3980, 0x0F00, 0x0600, 0x0380}},
    {0x0052, 10, {0x0000, 0x0000, 0x3F00, 0x2180, 0x2080, 0x2080, 0x2080, 0x2180, 0x3F00, 0x2600, 0x2300, 0x2100, 0x2180, 0x2080, 0x0000, 0x0000}},
    {0x0053, 10, {0x0000, 0x0000, 0x1E00, 0x3300, 0x6000, 0x6000, 0x3000, 0x1C00, 0x0700, 0x0180, 0x0180, 0x0180, 0x7300, 0x1E00, 0x0000, 0x0000}},
    {0x0054, 10, {0x0000, 0x0000, 0xFF80, 0x0C00, 0x0C00, 0x0C00, 0x0C00, 0x0C00, 0x0C00, 0x0C00, 0x0C00, 0x0C00, 0x0C00, 0x0C00, 0x0000, 0x0000}},
    {0x0055, 12, {0x0000, 0x0000, 0x2040, 0x2040, 0x2040, 0x2040, 0x2040, 0x2040, 0x2040, 0x20C0, 0x20C0, 0x30C0, 0x1980, 0x0F00, 0x0000, 0x0000}},
    {0x0056, 9, {0x0000, 0x0000, 0xC080, 0xC180, 0x4100, 0x6100, 0x6300, 0x2200, 0x2200, 0x3200, 0x1600, 0x1400, 0x1C00, 0x0C00, 0x0000, 0x0000}},
    {0x0057, 14, {0x0000, 0x0000, 0x430C, 0x4308, 0x4308, 0x6388, 0x6498, 0x2498, 0x2490, 0x24D0, 0x3850, 0x3870, 0x1870, 0x1860, 0x0000, 0x0000}},
    {0x0058, 9, {0x0000, 0x0000, 0x4100, 0x6300, 0x2200, 0x3600, 0x1C00, 0x0C00, 0x1C00, 0x1400, 0x3600, 0x2200, 0x6300, 0x4180, 0x0000, 0x0000}},
    {0x0059, 9, {0x0000, 0x0000, 0xC100, 0x4300, 0x6200, 0x2600, 0x3400, 0x1C00, 0x1800, 0x1800, 0x0800, 0x0800, 0x0800, 0x0800, 0x0000, 0x0000}},
    {0x005A, 10, {0x0000, 0x0000, 0x7F80, 0x0100, 0x0300, 0x0200, 0x0600, 0x0C00, 0x0800, 0x1800, 0x3000, 0x2000, 0x6000, 0x7F80, 0x0000, 0x0000}},
    {0x005B, 5, {0x0000, 0x3800, 0x2000, 0x2000, 0x2000, 0x2000, 0x2000, 0x2000, 0x2000, 0x2000, 0x2000, 0x2000, 0x2000, 0x2000, 0x2000, 0x2000}},
    {0x005C, 6, {0x0000, 0x0000, 0x4000, 0x4000, 0x4000, 0x6000, 0x2000, 0x2000, 0x2000, 0x1000, 0x1000, 0x1000, 0x0800, 0x0800, 0x0800, 0x0400}},
    {0x005D, 5, {0x0000, 0x7000, 0x1000, 0x1000, 0x1000, 0x1000, 0x1000, 0x1000, 0x1000, 0x1000, 0x1000, 0x1000, 0x1000, 0x1000, 0x1000, 0x1000}},
    {0x005E, 9, {0x0000, 0x0000, 0x0800, 0x1C00, 0x1400, 0x3400, 0x2200, 0x2200, 0x4300, 0x0000, 0x0000, 0x0000, 0x0000, 0x0000, 0x0000, 0x0000}},
    {0x005F, 9, {0x0000, 0x0000, 0x0000, 0x0000, 0x0000, 0x0000, 0x0000, 0x0000, 0x0000, 0x0000, 0x0000, 0x0000, 0x0000, 0x0000, 0x0000, 0xFF80}},
    {0x0060, 10, {0x1000, 0x1800, 0x0800, 0x0000, 0x0000, 0x0000, 0x0000, 0x0000, 0x0000, 0x0000, 0x0000, 0x0000, 0x0000, 0x0000, 0x0000, 0x0000}},
    {0x0061, 9, {0x0000, 0x0000, 0x0000, 0x0000, 0x0000, 0x1C00, 0x2600, 0x0300, 0x0300, 0x3B00, 0x6300, 0x4300, 0x6700, 0x3B00, 0x0000, 0x0000}},
    {0x0062, 10, {0x0000, 0x2000, 0x6000, 0x6000, 0x6000, 0x6E00, 0x7300, 0x6180, 0x6180, 0x6080, 0x6180, 0x6180, 0x7300, 0x6E00, 0x0000, 0x0000}},
    {0x0063, 8, {0x0000, 0x0000, 0x0000, 0x0000, 0x0000, 0x1E00, 0x3200, 0x6000, 0x4000, 0x4000, 0x4000, 0x6000, 0x3200, 0x1E00, 0x0000, 0x0000}},
    {0x0064, 10, {0x0000, 0x0100, 0x0100, 0x0100, 0x0100, 0x1D00, 0x3300, 0x6100, 0x4100, 0x4100, 0x4100, 0x6100, 0x3300, 0x1D00, 0x0000, 0x0000}},
    {0x0065, 9, {0x0000, 0x0000, 0x0000, 0x0000, 0x0000, 0x1C00, 0x3200, 0x6100, 0x4100, 0x7F00, 0x4000, 0x6000, 0x3000, 0x1E00, 0x0000, 0x0000}},
    {0x0066, 5, {0x0000, 0x1800, 0x3000, 0x2000, 0x2000, 0x7800, 0x2000, 0x2000, 0x2000, 0x2000, 0x2000, 0x2000, 0x2000, 0x2000, 0x0000, 0x0000}},
    {0x0067, 9, {0x0000, 0x0000, 0x0000, 0x0000, 0x0000, 0x1F80, 0x2600, 0x6200, 0x6200, 0x2200, 0x3C00, 0x6000, 0x6000, 0x3F00, 0x6180, 0x4180}},
    {0x0068, 10, {0x0000, 0x2000, 0x6000, 0x6000, 0x6000, 0x6E00, 0x7B00, 0x6100, 0x6100, 0x6100, 0x6100, 0x6100, 0x6100, 0x6100, 0x0000, 0x0000}},
    {0x0069, 4, {0x0000, 0x2000, 0x6000, 0x0000, 0x0000, 0x6000, 0x6000, 0x6000, 0x6000, 0x6000, 0x6000, 0x6000, 0x6000, 0x6000, 0x0000, 0x0000}},
    {0x006A, 4, {0x0000, 0x2000, 0x6000, 0x0000, 0x0000, 0x6000, 0x6000, 0x6000, 0x6000, 0x6000, 0x6000, 0x6000, 0x6000, 0x6000, 0x6000, 0x6000}},
    {0x006B, 9, {0x0000, 0x6000, 0x6000, 0x6000, 0x6000, 0x6300, 0x6600, 0x6400, 0x6C00, 0x7C00, 0x7600, 0x6200, 0x6300, 0x6100, 0x0000, 0x0000}},
    {0x006C, 5, {0x0000, 0x2000, 0x6000, 0x6000, 0x6000, 0x6000, 0x6000, 0x6000, 0x6000, 0x6000, 0x6000, 0x6000, 0x2000, 0x3000, 0x0000, 0x0000}},
    {0x006D, 15, {0x0000, 0x0000, 0x0000, 0x0000, 0x0000, 0x6E70, 0x73D8, 0x6108, 0x6108, 0x6108, 0x6108, 0x6108, 0x6108, 0x6108, 0x0000, 0x0000}},
    {0x006E, 10, {0x0000, 0x0000, 0x0000, 0x0000, 0x0000, 0x6E00, 0x7B00, 0x6100, 0x6100, 0x6100, 0x6100, 0x6100, 0x6100, 0x6100, 0x0000, 0x0000}},
    {0x006F, 10, {0x0000, 0x0000, 0x0000, 0x0000, 0x0000, 0x1E00, 0x3300, 0x6100, 0x4180, 0x4180, 0x4180, 0x6100, 0x3300, 0x1E00, 0x0000, 0x0000}},
    {0x0070, 10, {0x0000, 0x0000, 0x0000, 0x0000, 0x0000, 0x6E00, 0x7300, 0x6180, 0x6180, 0x6080, 0x6180, 0x6180, 0x7300, 0x6E00, 0x6000, 0x6000}},
    {0x0071, 10, {0x0000, 0x0000, 0x0000, 0x0000, 0x0000, 0x1D00, 0x3300, 0x6100, 0x4100, 0x4100, 0x4100, 0x6100, 0x3300, 0x1D00, 0x0100, 0x0100}},
    {0x0072, 6, {0x0000, 0x0000, 0x0000, 0x0000, 0x0000, 0x6C00, 0x7800, 0x6000, 0x6000, 0x6000, 0x6000, 0x6000, 0x6000, 0x6000, 0x0000, 0x0000}},
    {0x0073, 7, {0x0000, 0x0000, 0x0000, 0x0000, 0x0000, 0x3C00, 0x6400, 0x4000, 0x6000, 0x1C00, 0x0600, 0x0600, 0x4600, 0x3C00, 0x0000, 0x0000}},
    {0x0074, 6, {0x0000, 0x0000, 0x0000, 0x2000, 0x2000, 0xFC00, 0x2000, 0x2000, 0x2000, 0x2000, 0x2000, 0x2000, 0x3000, 0x1C00, 0x0000, 0x0000}},
    {0x0075, 10, {0x0000, 0x0000, 0x0000, 0x0000, 0x0000, 0x6100, 0x6100, 0x6100, 0x6100, 0x6100, 0x6100, 0x6100, 0x3700, 0x3D00, 0x0000, 0x0000}},
    {0x0076, 8, {0x0000, 0x0000, 0x0000, 0x0000, 0x0000, 0xC100, 0x4300, 0x6200, 0x6200, 0x2600, 0x2400, 0x3400, 0x1C00, 0x1800, 0x0000, 0x0000}},
    {0x0077, 13, {0x0000, 0x0000, 0x0000, 0x0000, 0x0000, 0x4210, 0x4710, 0x6530, 0x6520, 0x2520, 0x29A0, 0x28E0, 0x38C0, 0x18C0, 0x0000, 0x0000}},
    {0x0078, 8, {0x0000, 0x0000, 0x0000, 0x0000, 0x0000, 0x4200, 0x6600, 0x2400, 0x1800, 0x1800, 0x3C00, 0x2400, 0x6600, 0x4200, 0x0000, 0x0000}},
    {0x0079, 8, {0x0000, 0x0000, 0x0000, 0x0000, 0x0000, 0xC100, 0x4300, 0x6200, 0x2200, 0x2600, 0x3400, 0x1400, 0x1C00, 0x1800, 0x0800, 0x1800}},
    {0x007A, 8, {0x0000, 0x0000, 0x0000, 0x0000, 0x0000, 0x7E00, 0x0600, 0x0C00, 0x0800, 0x1800, 0x3000, 0x2000, 0x6000, 0x7E00, 0x0000, 0x0000}},
    {0x007B, 5, {0x0000, 0x1800, 0x3000, 0x2000, 0x2000, 0x2000, 0x2000, 0x2000, 0x2000, 0x4000, 0x2000, 0x2000, 0x2000, 0x2000, 0x2000, 0x3000}},
    {0x007C, 4, {0x0000, 0x2000, 0x2000, 0x2000, 0x2000, 0x2000, 0x2000, 0x2000, 0x2000, 0x2000, 0x2000, 0x2000, 0x2000, 0x2000, 0x2000, 0x2000}},
    {0x007D, 5, {0x0000, 0x6000, 0x2000, 0x2000, 0x2000, 0x2000, 0x2000, 0x2000, 0x3000, 0x1800, 0x3000, 0x2000, 0x2000, 0x2000, 0x2000, 0x2000}},
    {0x007E, 9, {0x0000, 0x0000, 0x0000, 0x0000, 0x0000, 0x0000, 0x0000, 0x3000, 0x4900, 0x0600, 0x0000, 0x0000, 0x0000, 0x0000, 0x0000, 0x0000}},
    {0x00B0, 6, {0x0000, 0x0000, 0x3000, 0x4800, 0x4800, 0x3000, 0x0000, 0x0000, 0x0000, 0x0000, 0x0000, 0x0000, 0x0000, 0x0000, 0x0000, 0x0000}},
    {0x00B7, 16, {0x0000, 0x0000, 0x0000, 0x0000, 0x0000, 0x0000, 0x0000, 0x0180, 0x03C0, 0x0180, 0x0000, 0x0000, 0x0000, 0x0000, 0x0000, 0x0000}},
    {0x2013, 9, {0x0000, 0x0000, 0x0000, 0x0000, 0x0000, 0x0000, 0x0000, 0x0000, 0x0000, 0x7F00, 0x0000, 0x0000, 0x0000, 0x0000, 0x0000, 0x0000}},
    {0x2014, 14, {0x0000, 0x0000, 0x0000, 0x0000, 0x0000, 0x0000, 0x0000, 0x0000, 0x0000, 0x7FFC, 0x0000, 0x0000, 0x0000, 0x0000, 0x0000, 0x0000}},
    {0x2026, 16, {0x0000, 0x0000, 0x0000, 0x0000, 0x0000, 0x0000, 0x0000, 0x2184, 0x318C, 0x0000, 0x0000, 0x0000, 0x0000, 0x0000, 0x0000, 0x0000}},
    {0x2027, 16, {0x0000, 0x0000, 0x0000, 0x0000, 0x0000, 0x0000, 0x0000, 0x0180, 0x03C0, 0x0180, 0x0000, 0x0000, 0x0000, 0x0000, 0x0000, 0x0000}},
    {0x2192, 16, {0x0000, 0x0000, 0x0000, 0x0000, 0x0000, 0x0010, 0x0008, 0x000C, 0x7FFE, 0x000C, 0x0018, 0x0010, 0x0000, 0x0000, 0x0000, 0x0000}},
    {0x3000, 16, {0x0000, 0x0000, 0x0000, 0x0000, 0x0000, 0x0000, 0x0000, 0x0000, 0x0000, 0x0000, 0x0000, 0x0000, 0x0000, 0x0000, 0x0000, 0x0000}},
    {0x3001, 16, {0x0000, 0x0000, 0x0000, 0x0000, 0x0000, 0x0000, 0x0200, 0x0300, 0x0180, 0x00C0, 0x0000, 0x0000, 0x0000, 0x0000, 0x0000, 0x0000}},
    {0x3002, 16, {0x0000, 0x0000, 0x0000, 0x0000, 0x0000, 0x0180, 0x0240, 0x0240, 0x0240, 0x0240, 0x0180, 0x0000, 0x0000, 0x0000, 0x0000, 0x0000}},
    {0x300C, 16, {0x003E, 0x0030, 0x0030, 0x0030, 0x0030, 0x0030, 0x0030, 0x0030, 0x0030, 0x0030, 0x0030, 0x0000, 0x0000, 0x0000, 0x0000, 0x0000}},
    {0x300D, 16, {0x0000, 0x0000, 0x0000, 0x0000, 0x0000, 0x0C00, 0x0C00, 0x0C00, 0x0C00, 0x0C00, 0x0C00, 0x0C00, 0x0C00, 0x0C00, 0x0C00, 0x7C00}},
    {0x40DF, 16, {0x0048, 0x7C48, 0x23C8, 0x205E, 0x2052, 0x27F2, 0x3810, 0x6BF4, 0x6A4C, 0x6BCC, 0x2A4C, 0x2A4C, 0x2BCC, 0x3A5C, 0x2252, 0x02E0}},
    {0x4E00, 16, {0x0000, 0x0000, 0x0000, 0x0000, 0x0000, 0x0000, 0x0000, 0x7FFE, 0x0000, 0x0000, 0x0000, 0x0000, 0x0000, 0x0000, 0x0000, 0x0000}},
    {0x4E03, 16, {0x0000, 0x0600, 0x0600, 0x0600, 0x0600, 0x067E, 0x0FE0, 0x7E00, 0x0600, 0x0600, 0x0600, 0x0602, 0x0606, 0x0204, 0x03FC, 0x0000}},
    {0x4E09, 16, {0x0000, 0x0000, 0x3FFC, 0x0000, 0x0000, 0x0000, 0x0000, 0x0000, 0x1FF8, 0x0000, 0x0000, 0x0000, 0x0000, 0x7FFE, 0x0000, 0x0000}},
    {0x4E0A, 16, {0x0100, 0x0100, 0x0100, 0x0100, 0x0100, 0x0100, 0x01FC, 0x0100, 0x0100, 0x0100, 0x0100, 0x0100, 0x0100, 0x0100, 0x7FFE, 0x0000}},
    {0x4E0B, 16, {0x0000, 0x0000, 0x7FFE, 0x0100, 0x0100, 0x0100, 0x01C0, 0x0170, 0x0118, 0x010C, 0x0100, 0x0100, 0x0100, 0x0100, 0x0100, 0x0100}},
    {0x4E0D, 16, {0x0000, 0x0000, 0x7FFE, 0x0080, 0x0180, 0x0380, 0x03E0, 0x05B0, 0x1998, 0x3186, 0x6182, 0x0180, 0x0180, 0x0180, 0x0180, 0x0180}},
    {0x4E16, 16, {0x0000, 0x1108, 0x1108, 0x1108, 0x1198, 0x7FFE, 0x1108, 0x1108, 0x1108, 0x1188, 0x11F8, 0x1000, 0x1000, 0x1000, 0x1FFE, 0x0000}},
    {0x4E19, 16, {0x0000, 0x7FFE, 0x0180, 0x0180, 0x0180, 0x3FFC, 0x2184, 0x2104, 0x2184, 0x2344, 0x2624, 0x2C14, 0x2804, 0x2004, 0x2004, 0x201C}},
    {0x4E26, 16, {0x0000, 0x0810, 0x0C30, 0x0420, 0x7FFE, 0x0240, 0x0240, 0x224C, 0x124C, 0x1248, 0x1248, 0x1A50, 0x0240, 0x0240, 0x7FFE, 0x0000}},
    {0x4E2D, 16, {0x0180, 0x0180, 0x0180, 0x3FFC, 0x2184, 0x2184, 0x2184, 0x2184, 0x2184, 0x3FFC, 0x2184, 0x0180, 0x0180, 0x0180, 0x0180, 0x0100}},
    {0x4E39, 16, {0x0000, 0x1FF8, 0x1008, 0x1208, 0x1108, 0x1088, 0x1048, 0x1008, 0x7FFE, 0x1008, 0x1008, 0x1008, 0x3008, 0x2008, 0x6008, 0x4078}},
    {0x4E3B, 16, {0x0000, 0x0300, 0x0080, 0x00C0, 0x3FFC, 0x0180, 0x0180, 0x0180, 0x0180, 0x3FFC, 0x0180, 0x0180, 0x0180, 0x0180, 0x7FFE, 0x0000}},
    {0x4E4B, 16, {0x0100, 0x0180, 0x0080, 0x0080, 0x3FFC, 0x0018, 0x0010, 0x0020, 0x0040, 0x0180, 0x0300, 0x0600, 0x1800, 0x2E00, 0x43FE, 0x0000}},
    {0x4E4D, 16, {0x0400, 0x0C00, 0x0800, 0x1FFE, 0x1300, 0x3300, 0x6300, 0x43FC, 0x0300, 0x0300, 0x0300, 0x03FC, 0x0300, 0x0300, 0x0300, 0x0300}},
    {0x4E59, 16, {0x0000, 0x0000, 0x3FF8, 0x0030, 0x00C0, 0x0180, 0x0300, 0x0600, 0x0C00, 0x1800, 0x3000, 0x2002, 0x6002, 0x2006, 0x1FFC, 0x0000}},
    {0x4E5D, 16, {0x0200, 0x0200, 0x0200, 0x0200, 0x0600, 0x7FF0, 0x0630, 0x0630, 0x0430, 0x0430, 0x0C30, 0x0830, 0x1833, 0x3032, 0x601E, 0x0000}},
    {0x4E6A, 16, {0x0000, 0x7DFC, 0x0D24, 0x0D24, 0x0924, 0x1924, 0x11FC, 0x1124, 0x3124, 0x2124, 0x21FC, 0x6104, 0x4006, 0x4002, 0x3FFC, 0x0000}},
    {0x4E8B, 16, {0x0000, 0x0180, 0x7FFE, 0x0180, 0x1FF8, 0x1188, 0x1FF8, 0x0180, 0x3FFC, 0x018C, 0x7FFE, 0x018C, 0x3FFC, 0x018C, 0x0180, 0x0700}},
    {0x4E8C, 16, {0x0000, 0x0000, 0x0000, 0x3FFC, 0x0000, 0x0000, 0x0000, 0x0000, 0x0000, 0x0000, 0x0000, 0x0000, 0x0000, 0x7FFE, 0x0000, 0x0000}},
    {0x4E94, 16, {0x0000, 0x0000, 0x3FFC, 0x0300, 0x0300, 0x0200, 0x0200, 0x1FF0, 0x0210, 0x0610, 0x0410, 0x0410, 0x0410, 0x0C18, 0x7FFE, 0x0000}},
    {0x4E95, 16, {0x0420, 0x0430, 0x0430, 0x0C30, 0x7FFE, 0x0430, 0x0430, 0x0430, 0x0430, 0x7FFE, 0x0C30, 0x0830, 0x1830, 0x1030, 0x3030, 0x2020}},
    {0x4E9E, 16, {0x0000, 0x7FFE, 0x0240, 0x0240, 0x0240, 0x3E7C, 0x2004, 0x2004, 0x2004, 0x2004, 0x3E7C, 0x0240, 0x0240, 0x0240, 0x7FFE, 0x0000}},
    {0x4EA4, 16, {0x0100, 0x0180, 0x0180, 0x7FFE, 0x0000, 0x0C30, 0x1818, 0x3004, 0x2422, 0x0660, 0x0240, 0x0180, 0x03C0, 0x0670, 0x381E, 0x6002}},
    {0x4EA6, 16, {0x0100, 0x0180, 0x0080, 0x7FFE, 0x0620, 0x0420, 0x1428, 0x1428, 0x3424, 0x2424, 0x2422, 0x6422, 0x4420, 0x0420, 0x0420, 0x04E0}},
    {0x4EA8, 16, {0x0100, 0x0180, 0x7FFE, 0x0000, 0x1FF8, 0x1008, 0x1008, 0x1FF8, 0x0000, 0x3FFC, 0x0038, 0x00C0, 0x0180, 0x0180, 0x0180, 0x0F00}},
    {0x4EAC, 16, {0x0100, 0x0180, 0x7FFE, 0x0000, 0x0000, 0x1FF8, 0x1008, 0x1008, 0x1008, 0x1FF8, 0x0180, 0x0190, 0x1188, 0x318C, 0x6186, 0x0700}},
    {0x4EAD, 16, {0x0100, 0x0180, 0x7FFE, 0x0000, 0x1FF8, 0x1008, 0x1FF8, 0x0000, 0x7FFE, 0x4002, 0x5FFA, 0x0080, 0x0080, 0x0080, 0x0080, 0x0780}},
    {0x4EAE, 16, {0x0000, 0x0080, 0x7FFE, 0x0000, 0x1FF8, 0x1008, 0x1FF8, 0x0000, 0x7FFE, 0x4002, 0x4462, 0x0460, 0x0460, 0x0C62, 0x1862, 0x703C}},
    {0x4EBA, 16, {0x0000, 0x0180, 0x0180, 0x0180, 0x0180, 0x0180, 0x0180, 0x03C0, 0x0240, 0x0660, 0x0420, 0x0C10, 0x1818, 0x300E, 0x4002, 0x0000}},
    {0x4EC1, 16, {0x0000, 0x0800, 0x0800, 0x1BFE, 0x1000, 0x3000, 0x7000, 0x5000, 0x1000, 0x1000, 0x1000, 0x1000, 0x1000, 0x17FE, 0x1000, 0x1000}},
    {0x4ED4, 16, {0x0800, 0x0BFE, 0x100C, 0x1018, 0x3030, 0x3020, 0x7020, 0x5020, 0x17FE, 0x1020, 0x1020, 0x1020, 0x1020, 0x1020, 0x1060, 0x11C0}},
    {0x4ED9, 16, {0x0800, 0x0820, 0x1820, 0x1020, 0x3222, 0x3226, 0x7226, 0x5226, 0x1226, 0x1226, 0x1226, 0x1226, 0x1226, 0x1266, 0x13FE, 0x1002}},
    {0x4EE3, 16, {0x0040, 0x0C48, 0x0844, 0x1842, 0x1040, 0x307E, 0x77F0, 0x5060, 0x1060, 0x1020, 0x1020, 0x1020, 0x1032, 0x1012, 0x101E, 0x100E}},
    {0x4EF2, 16, {0x0800, 0x0860, 0x1860, 0x1060, 0x37FE, 0x3462, 0x7462, 0x5462, 0x1462, 0x17FE, 0x1462, 0x1060, 0x1060, 0x1060, 0x1060, 0x1020}},
    {0x4EF6, 16, {0x0800, 0x0920, 0x1920, 0x1320, 0x33FE, 0x3220, 0x7420, 0x5020, 0x1020, 0x17FE, 0x1020, 0x1020, 0x1020, 0x1020, 0x1020, 0x1020}},
    {0x4F01, 16, {0x0080, 0x0180, 0x03C0, 0x0660, 0x0C30, 0x308C, 0x6086, 0x0080, 0x1080, 0x10F8, 0x1080, 0x1080, 0x1080, 0x1080, 0x7FFE, 0x0000}},
    {0x4F0A, 16, {0x0800, 0x0BFC, 0x1844, 0x1044, 0x3044, 0x77FE, 0x5044, 0x1044, 0x1044, 0x13FC, 0x1084, 0x1080, 0x1180, 0x1300, 0x1600, 0x1400}},
    {0x4F0D, 16, {0x0000, 0x0800, 0x1BFE, 0x1040, 0x3040, 0x30C0, 0x70C0, 0xD3FC, 0x1084, 0x1084, 0x1084, 0x1084, 0x1184, 0x1104, 0x17FE, 0x1000}},
    {0x4F11, 16, {0x0000, 0x0C60, 0x0860, 0x1860, 0x1060, 0x37FE, 0x7070, 0xD0F0, 0x10F8, 0x1168, 0x136C, 0x1264, 0x1462, 0x1060, 0x1060, 0x1060}},
    {0x4F2F, 16, {0x0840, 0x0840, 0x0840, 0x13FC, 0x1204, 0x3204, 0x7204, 0x7204, 0x5204, 0x13FC, 0x1204, 0x1204, 0x1204, 0x1204, 0x13FC, 0x1204}},
    {0x4F4D, 16, {0x0040, 0x0860, 0x1820, 0x13FE, 0x3000, 0x3108, 0x7108, 0x5108, 0x1188, 0x1088, 0x1088, 0x1098, 0x1090, 0x1010, 0x17FE, 0x1000}},
    {0x4F50, 16, {0x0000, 0x08C0, 0x1880, 0x1080, 0x37FE, 0x3080, 0x7180, 0x5100, 0x11FE, 0x1310, 0x1210, 0x1610, 0x1C10, 0x1810, 0x11FE, 0x1000}},
    {0x4F51, 16, {0x0840, 0x0840, 0x1840, 0x1040, 0x37FE, 0x3080, 0x7080, 0x1100, 0x11FE, 0x1386, 0x1706, 0x1D06, 0x1106, 0x1186, 0x11FE, 0x1102}},
    {0x4F55, 16, {0x0800, 0x0800, 0x1FFE, 0x1004, 0x3004, 0x3004, 0x73E4, 0x5224, 0x1224, 0x1224, 0x13E4, 0x1204, 0x1004, 0x1004, 0x1004, 0x103C}},
    {0x4F5B, 16, {0x0800, 0x0890, 0x1890, 0x17FE, 0x3092, 0x7092, 0x77FE, 0x1490, 0x1490, 0x17FE, 0x1192, 0x1112, 0x1112, 0x121E, 0x1610, 0x1010}},
    {0x4F6C, 16, {0x0880, 0x0886, 0x17F4, 0x108C, 0x3088, 0x3090, 0x77FE, 0x5060, 0x1080, 0x138C, 0x1FF0, 0x11C0, 0x1182, 0x1182, 0x10FC, 0x0000}},
    {0x4F73, 16, {0x0020, 0x0820, 0x0860, 0x13FC, 0x3020, 0x3020, 0x77FE, 0x5000, 0x1020, 0x1060, 0x13FE, 0x1020, 0x1020, 0x1020, 0x17FE, 0x1000}},
    {0x4F7F, 16, {0x0820, 0x0820, 0x1FFE, 0x1020, 0x3020, 0x33FE, 0x7222, 0x5222, 0x1222, 0x13FE, 0x1260, 0x1340, 0x11C0, 0x11E0, 0x133C, 0x1406}},
    {0x4F86, 16, {0x0000, 0x0180, 0x0180, 0x7FFE, 0x0180, 0x0990, 0x1990, 0x19B8, 0x25A4, 0x63C2, 0x07C0, 0x0DB0, 0x1998, 0x318C, 0x4186, 0x0100}},
    {0x4F8B, 16, {0x0000, 0x1FE2, 0x1212, 0x3212, 0x3212, 0x33D2, 0x7652, 0xF452, 0x36D2, 0x3B92, 0x3192, 0x3192, 0x3102, 0x3302, 0x3602, 0x340C}},
    {0x4F9B, 16, {0x0808, 0x0988, 0x1988, 0x1188, 0x37FE, 0x7188, 0x7188, 0x1188, 0x1188, 0x17FE, 0x1000, 0x1000, 0x1108, 0x1304, 0x1606, 0x1002}},
    {0x4FAF, 16, {0x0800, 0x1BF8, 0x1018, 0x1010, 0x37FE, 0x3100, 0x7300, 0x53FC, 0x1640, 0x1040, 0x17FE, 0x1050, 0x1098, 0x118C, 0x1706, 0x1402}},
    {0x4FC3, 16, {0x0000, 0x1BFC, 0x1204, 0x1204, 0x3204, 0x3204, 0x73FC, 0xF020, 0x3020, 0x323E, 0x3220, 0x3320, 0x3720, 0x34E0, 0x3C7E, 0x0000}},
    {0x4FCA, 16, {0x0840, 0x0888, 0x190C, 0x17FE, 0x3092, 0x3090, 0x7110, 0x571E, 0x1480, 0x11FC, 0x1308, 0x1798, 0x14F0, 0x1070, 0x139C, 0x1606}},
    {0x4FDD, 16, {0x0800, 0x0BFC, 0x1A04, 0x1204, 0x3204, 0x73FC, 0x7020, 0x5020, 0x1020, 0x17FE, 0x10F0, 0x10F8, 0x112C, 0x1226, 0x1422, 0x1020}},
    {0x4FE1, 16, {0x0840, 0x0840, 0x1000, 0x17FE, 0x3000, 0x73FC, 0x7000, 0x5000, 0x13FC, 0x1000, 0x13FC, 0x1204, 0x1204, 0x1204, 0x13FC, 0x1204}},
    {0x4FEE, 16, {0x0040, 0x10C0, 0x14FE, 0x358C, 0x3758, 0x7430, 0x7478, 0xF58E, 0x3430, 0x34C0, 0x3498, 0x3470, 0x3486, 0x3018, 0x30E0, 0x0100}},
    {0x500B, 16, {0x0800, 0x1FFE, 0x1602, 0x3622, 0x3622, 0x77FA, 0x7622, 0xF622, 0x36F2, 0x3682, 0x3682, 0x36F2, 0x3602, 0x3602, 0x37FE, 0x3202}},
    {0x5019, 16, {0x0000, 0x11FC, 0x100C, 0x1008, 0x27FE, 0x6480, 0x6480, 0x65FE, 0x2520, 0x2420, 0x27FE, 0x2420, 0x2068, 0x20C4, 0x2182, 0x2000}},
    {0x502B, 16, {0x0800, 0x0860, 0x18F0, 0x1198, 0x330C, 0x37FE, 0x7000, 0x7000, 0x37FC, 0x3694, 0x3694, 0x37FC, 0x3694, 0x3694, 0x3694, 0x300C}},
    {0x5047, 16, {0x0000, 0x17BE, 0x1486, 0x3486, 0x2486, 0x27BE, 0x6400, 0x6400, 0x27BE, 0x2424, 0x2434, 0x279C, 0x2418, 0x2418, 0x2466, 0x2442}},
    {0x5049, 16, {0x0880, 0x0BFC, 0x188C, 0x108C, 0x37FE, 0x3000, 0x73FC, 0x5204, 0x13FC, 0x1020, 0x17FE, 0x1220, 0x1220, 0x13FE, 0x1020, 0x1020}},
    {0x505C, 16, {0x0840, 0x0860, 0x17FE, 0x1000, 0x33FC, 0x7204, 0x73FC, 0x1000, 0x17FE, 0x1402, 0x17FE, 0x1020, 0x1020, 0x1020, 0x1060, 0x11C0}},
    {0x5065, 16, {0x0000, 0x1F10, 0x137C, 0x3214, 0x22FE, 0x6414, 0x677C, 0x6110, 0x2110, 0x21FC, 0x2E10, 0x26FE, 0x2610, 0x2710, 0x2D80, 0x387E}},
    {0x5075, 16, {0x0000, 0x0860, 0x187E, 0x1060, 0x33FC, 0x3204, 0x7204, 0xD3FC, 0x1204, 0x13FC, 0x1204, 0x13FC, 0x1000, 0x118C, 0x1706, 0x1402}},
    {0x5091, 16, {0x0000, 0x1204, 0x13FE, 0x36D4, 0x36A4, 0x71A4, 0x713E, 0xF304, 0x3644, 0x3040, 0x37FE, 0x30F0, 0x31D8, 0x334C, 0x3C46, 0x2040}},
    {0x50CF, 16, {0x0880, 0x09F0, 0x1A30, 0x1620, 0x3FFC, 0x7264, 0x73FC, 0x10C0, 0x134C, 0x1478, 0x11A8, 0x166C, 0x14F4, 0x1136, 0x1622, 0x10E0}},
    {0x50D1, 16, {0x0000, 0x13F0, 0x10C0, 0x37FE, 0x3198, 0x73FC, 0x770E, 0xB1F8, 0x3000, 0x37FE, 0x3402, 0x34F2, 0x3492, 0x34F2, 0x3482, 0x040C}},
    {0x5109, 16, {0x0040, 0x10E0, 0x1190, 0x330C, 0x3DF6, 0x7000, 0x77BC, 0x34A4, 0x34A4, 0x37BC, 0x3000, 0x3318, 0x3318, 0x379C, 0x3CE6, 0x0002}},
    {0x5132, 16, {0x0010, 0x1212, 0x107E, 0x3F94, 0x2014, 0x2018, 0x67FE, 0x6010, 0x277E, 0x2062, 0x27A2, 0x24BE, 0x24A2, 0x24A2, 0x27BE, 0x2022}},
    {0x5143, 16, {0x0000, 0x0000, 0x3FFC, 0x0000, 0x0000, 0x0000, 0x7FFE, 0x0460, 0x0460, 0x0460, 0x0C60, 0x0862, 0x1862, 0x3062, 0x603E, 0x0000}},
    {0x5145, 16, {0x0100, 0x0180, 0x0080, 0x7FFE, 0x0600, 0x0420, 0x0830, 0x1818, 0x3FFC, 0x0644, 0x0640, 0x0440, 0x0C42, 0x1862, 0x707E, 0x0000}},
    {0x5146, 16, {0x0040, 0x0240, 0x2244, 0x324C, 0x1248, 0x1A50, 0x0240, 0x0660, 0x0E78, 0x744E, 0x4442, 0x0C40, 0x0842, 0x1842, 0x607E, 0x0000}},
    {0x5148, 16, {0x0000, 0x0980, 0x1980, 0x1FFC, 0x1180, 0x2180, 0x2180, 0x0180, 0x7FFE, 0x0460, 0x0460, 0x0C60, 0x0862, 0x1862, 0x703E, 0x0000}},
    {0x5149, 16, {0x0100, 0x018C, 0x1188, 0x1988, 0x0990, 0x0990, 0x0180, 0x7FFE, 0x0460, 0x0460, 0x0460, 0x0C60, 0x0862, 0x1862, 0x3062, 0x603E}},
    {0x514B, 16, {0x0000, 0x0180, 0x7FFE, 0x0180, 0x0180, 0x1FF8, 0x1008, 0x1008, 0x1008, 0x1FF8, 0x0640, 0x0440, 0x0442, 0x0C42, 0x3842, 0x607E}},
    {0x5152, 16, {0x0200, 0x1C7C, 0x100C, 0x100C, 0x100C, 0x1E7C, 0x100C, 0x100C, 0x1FFC, 0x0240, 0x0640, 0x0640, 0x0442, 0x0C42, 0x1842, 0x607C}},
    {0x5165, 16, {0x0000, 0x0F80, 0x0180, 0x0080, 0x0180, 0x0180, 0x0380, 0x0340, 0x0240, 0x0660, 0x0420, 0x0C30, 0x1818, 0x300C, 0x6006, 0x4002}},
    {0x5167, 16, {0x0000, 0x0780, 0x0180, 0x0080, 0x3FFC, 0x2184, 0x2184, 0x23C4, 0x2244, 0x2664, 0x2C34, 0x3814, 0x2004, 0x2004, 0x2004, 0x201C}},
    {0x5168, 16, {0x0000, 0x0F80, 0x03C0, 0x0660, 0x0C30, 0x1818, 0x300E, 0x4FFA, 0x0180, 0x0180, 0x1FF8, 0x0180, 0x0180, 0x0180, 0x7FFE, 0x0000}},
    {0x5169, 16, {0x0000, 0x7FFE, 0x0180, 0x0100, 0x0180, 0x3FFC, 0x2104, 0x2D24, 0x2534, 0x2534, 0x2D34, 0x2B54, 0x33CC, 0x2104, 0x2104, 0x211C}},
    {0x516B, 16, {0x0000, 0x0000, 0x0460, 0x0420, 0x0420, 0x0420, 0x0C20, 0x0820, 0x0830, 0x0810, 0x1810, 0x1008, 0x300C, 0x6004, 0x4002, 0x0000}},
    {0x516C, 16, {0x0000, 0x0420, 0x0C20, 0x0810, 0x1818, 0x100C, 0x2106, 0x6302, 0x0200, 0x0620, 0x0C30, 0x0818, 0x1838, 0x3FFC, 0x0006, 0x0000}},
    {0x516D, 16, {0x0100, 0x0100, 0x0180, 0x0080, 0x0000, 0x7FFE, 0x0000, 0x0000, 0x0420, 0x0C30, 0x0818, 0x1808, 0x300C, 0x2004, 0x6006, 0x0000}},
    {0x5171, 16, {0x0000, 0x0C30, 0x0C30, 0x0C30, 0x7FFE, 0x0C30, 0x0C30, 0x0C30, 0x0C30, 0x7FFE, 0x0000, 0x0420, 0x0C30, 0x1818, 0x300C, 0x0000}},
    {0x5176, 16, {0x0810, 0x0810, 0x7FFE, 0x0810, 0x0810, 0x0FF0, 0x0810, 0x0810, 0x0FF0, 0x0810, 0x0810, 0x7FFE, 0x0000, 0x0C30, 0x380C, 0x4000}},
    {0x5177, 16, {0x0000, 0x1FF8, 0x1808, 0x1808, 0x1FF8, 0x1808, 0x1FF8, 0x1808, 0x1FF8, 0x1808, 0x1808, 0x7FFE, 0x0420, 0x1C18, 0x700E, 0x4002}},
    {0x5178, 16, {0x0240, 0x0240, 0x3FFC, 0x2244, 0x2244, 0x2244, 0x3FFC, 0x2244, 0x2244, 0x2244, 0x2244, 0x7FFE, 0x0420, 0x0C38, 0x300C, 0x4000}},
    {0x518D, 16, {0x0000, 0x7FFE, 0x0180, 0x0180, 0x1FF8, 0x1188, 0x1188, 0x1FF8, 0x1188, 0x1188, 0x318C, 0x7FFE, 0x1008, 0x1008, 0x1008, 0x1038}},
    {0x51A0, 16, {0x0000, 0x7FFE, 0x6006, 0x400C, 0x3F08, 0x0008, 0x00FE, 0x0008, 0x7F48, 0x1228, 0x1228, 0x3208, 0x223A, 0x2202, 0x6202, 0x43FE}},
    {0x51CC, 16, {0x0040, 0x4040, 0x63FC, 0x2040, 0x37FE, 0x0190, 0x0110, 0x031E, 0x1480, 0x11F8, 0x3308, 0x2690, 0x6060, 0x40F0, 0x4F1E, 0x0802}},
    {0x51CD, 16, {0x0040, 0x0040, 0x67FE, 0x3040, 0x07FC, 0x0444, 0x0444, 0x07FC, 0x1444, 0x37FC, 0x20F0, 0x6150, 0x4348, 0x0644, 0x0C42, 0x0040}},
    {0x51F1, 16, {0x0800, 0x497C, 0x494C, 0x7F4C, 0x004C, 0x7F4C, 0x004C, 0x3E4C, 0x624C, 0x624C, 0x3E4C, 0x228C, 0x248D, 0x3F8D, 0x6106, 0x0000}},
    {0x51F9, 16, {0x0000, 0x0000, 0x3E7C, 0x2244, 0x2244, 0x2244, 0x2244, 0x2244, 0x23C4, 0x2004, 0x2004, 0x2004, 0x2004, 0x3FFC, 0x2004, 0x0000}},
    {0x51FA, 16, {0x0180, 0x0180, 0x318C, 0x318C, 0x318C, 0x318C, 0x3FFC, 0x0180, 0x2184, 0x2184, 0x2184, 0x2184, 0x2184, 0x2184, 0x3FFC, 0x0004}},
    {0x5206, 16, {0x0000, 0x0420, 0x0C30, 0x0810, 0x1808, 0x300C, 0x6006, 0x5FFA, 0x0208, 0x0208, 0x0208, 0x0418, 0x0418, 0x0818, 0x1810, 0x60F0}},
    {0x5217, 16, {0x0000, 0x7F86, 0x0826, 0x1826, 0x1026, 0x1F26, 0x3126, 0x2126, 0x7326, 0x4E26, 0x0626, 0x0406, 0x0C06, 0x1806, 0x3006, 0x201C}},
    {0x5225, 16, {0x0000, 0x3F06, 0x2126, 0x2166, 0x2166, 0x3F66, 0x1066, 0x1066, 0x1F66, 0x1166, 0x1166, 0x3106, 0x2106, 0x2106, 0x6206, 0x4E1C}},
    {0x5229, 16, {0x0000, 0x3E06, 0x6826, 0x0866, 0x0866, 0x7F66, 0x0866, 0x1866, 0x1C66, 0x3E66, 0x2966, 0x6806, 0x4806, 0x0806, 0x0806, 0x081C}},
    {0x5230, 16, {0x0000, 0x7F86, 0x1826, 0x1326, 0x3126, 0x3FA6, 0x30A6, 0x0426, 0x0426, 0x3FA6, 0x0426, 0x0426, 0x0586, 0x7E06, 0x401C, 0x0000}},
    {0x5237, 16, {0x0000, 0x3F82, 0x20A2, 0x20A2, 0x20A2, 0x3FA2, 0x2222, 0x3FA2, 0x32A2, 0x32A2, 0x32A2, 0x5282, 0x5282, 0x5382, 0x4206, 0x021C}},
    {0x5247, 16, {0x0000, 0x3F06, 0x2126, 0x2126, 0x3F26, 0x2126, 0x2126, 0x3F26, 0x2126, 0x2126, 0x2126, 0x3F26, 0x0006, 0x2206, 0x6106, 0x411C}},
    {0x524D, 16, {0x0810, 0x0810, 0x0C30, 0x7FFE, 0x0000, 0x0000, 0x3F24, 0x2124, 0x3F24, 0x2124, 0x2124, 0x3F24, 0x2124, 0x2104, 0x2304, 0x261C}},
    {0x5275, 16, {0x0404, 0x0E06, 0x1B26, 0x7EA6, 0x4026, 0x3F26, 0x21A6, 0x3FA6, 0x21A6, 0x3FA6, 0x2026, 0x3F86, 0x7086, 0x5086, 0x5F86, 0x109C}},
    {0x5283, 16, {0x0400, 0x3F82, 0x0492, 0x7FD2, 0x0492, 0x3F12, 0x3F92, 0x0412, 0x7FD2, 0x3F92, 0x2492, 0x3F82, 0x3F82, 0x0002, 0x7FC6, 0x001C}},
    {0x5287, 16, {0x0400, 0x07C2, 0x0412, 0x3FD2, 0x2452, 0x3F12, 0x2412, 0x2392, 0x3FD2, 0x2612, 0x3E92, 0x2792, 0x5B82, 0x4542, 0x5B46, 0x461C}},
    {0x529B, 16, {0x0100, 0x0100, 0x0100, 0x0100, 0x7FFC, 0x0304, 0x0304, 0x0204, 0x0204, 0x0204, 0x0604, 0x0404, 0x0804, 0x180C, 0x3008, 0x6078}},
    {0x52A0, 16, {0x0000, 0x1000, 0x107E, 0x1046, 0x7F46, 0x1146, 0x1146, 0x1146, 0x1146, 0x1146, 0x3346, 0x2346, 0x2346, 0x627E, 0x4E46, 0x0000}},
    {0x52A9, 16, {0x0020, 0x3E20, 0x2220, 0x2220, 0x23FE, 0x3E22, 0x2222, 0x2222, 0x3E22, 0x2262, 0x2242, 0x2346, 0x3FC6, 0x7084, 0x0104, 0x023C}},
    {0x52D5, 16, {0x0100, 0x7E30, 0x0830, 0x7FB0, 0x087E, 0x7F32, 0x4922, 0x7F22, 0x4922, 0x7F22, 0x0822, 0x7F62, 0x0846, 0x0DC6, 0x7F84, 0x011C}},
    {0x52D9, 16, {0x0040, 0x7E40, 0x04FE, 0x2DCC, 0x1968, 0x0C30, 0x7E7C, 0x1B86, 0x1A20, 0x3A20, 0x29FE, 0x4866, 0x4846, 0x08C4, 0x1984, 0x331C}},
    {0x52DD, 16, {0x0020, 0x3D24, 0x24A8, 0x25FE, 0x2C60, 0x3C40, 0x27FE, 0x2488, 0x3DA4, 0x2722, 0x45FC, 0x4444, 0x4444, 0x44C4, 0x4D8C, 0x5B38}},
    {0x52DE, 16, {0x0810, 0x4896, 0x2A54, 0x1C30, 0x366C, 0x4086, 0x7FFE, 0x6006, 0x6102, 0x0100, 0x3FF8, 0x0308, 0x0208, 0x0608, 0x1C08, 0x7070}},
    {0x52F5, 16, {0x0010, 0x7FD0, 0x4910, 0x7F90, 0x497E, 0x5F92, 0x5092, 0x5F92, 0x5F92, 0x4012, 0x7F92, 0x50B2, 0x57A2, 0x5FE2, 0x50E6, 0x01CC}},
    {0x5305, 16, {0x0400, 0x0C00, 0x0800, 0x1FFC, 0x3004, 0x2004, 0x5FC4, 0x1044, 0x104C, 0x1FCC, 0x1008, 0x1038, 0x1002, 0x1802, 0x0FFE, 0x0000}},
    {0x5316, 16, {0x0000, 0x0C80, 0x0880, 0x1880, 0x108C, 0x3098, 0x70F0, 0x50C0, 0x1080, 0x1080, 0x1080, 0x1082, 0x1082, 0x1082, 0x10FE, 0x0000}},
    {0x5317, 16, {0x0000, 0x0440, 0x0440, 0x0440, 0x0442, 0x044E, 0x7C78, 0x0460, 0x0440, 0x0440, 0x0440, 0x0442, 0x0742, 0x1C42, 0x707E, 0x0000}},
    {0x5321, 16, {0x0000, 0x7FFE, 0x6000, 0x6000, 0x6FFC, 0x60C0, 0x60C0, 0x67F8, 0x60C0, 0x60C0, 0x60C0, 0x6FFC, 0x6000, 0x6000, 0x7FFE, 0x0000}},
    {0x532F, 16, {0x0000, 0x7FFE, 0x6080, 0x6490, 0x61FE, 0x7110, 0x7B10, 0x67FC, 0x6110, 0x65FC, 0x6510, 0x6910, 0x69FE, 0x6000, 0x7FFE, 0x0000}},
    {0x5340, 16, {0x0000, 0x7FFC, 0x2000, 0x23F0, 0x2210, 0x2210, 0x23F0, 0x2000, 0x2F7C, 0x2944, 0x2944, 0x2944, 0x2F7C, 0x2000, 0x1FFE, 0x0000}},
    {0x5343, 16, {0x0000, 0x00F8, 0x3F80, 0x0180, 0x0180, 0x0180, 0x0180, 0x7FFE, 0x0180, 0x0180, 0x0180, 0x0180, 0x0180, 0x0180, 0x0180, 0x0100}},
    {0x5348, 16, {0x0800, 0x0800, 0x1800, 0x1FFC, 0x3180, 0x2180, 0x4180, 0x0180, 0x7FFE, 0x0180, 0x0180, 0x0180, 0x0180, 0x0180, 0x0180, 0x0180}},
    {0x534A, 16, {0x0100, 0x1188, 0x1188, 0x0990, 0x0990, 0x0180, 0x3FFC, 0x0180, 0x0180, 0x0180, 0x7FFE, 0x0180, 0x0180, 0x0180, 0x0180, 0x0100}},
    {0x5351, 16, {0x0100, 0x0100, 0x1FFC, 0x118C, 0x118C, 0x1FFC, 0x118C, 0x110C, 0x1FFC, 0x0340, 0x0E40, 0x1840, 0x7FFE, 0x0040, 0x0040, 0x0040}},
    {0x5353, 16, {0x0100, 0x0100, 0x01FE, 0x0100, 0x1FFC, 0x100C, 0x100C, 0x1FFC, 0x100C, 0x1FFC, 0x0180, 0x0180, 0x7FFE, 0x0180, 0x0180, 0x0100}},
    {0x5354, 16, {0x1020, 0x1060, 0x13FC, 0x1044, 0x10C4, 0x7D84, 0x131C, 0x1008, 0x1308, 0x17FE, 0x124A, 0x1252, 0x1252, 0x1252, 0x14A2, 0x11AC}},
    {0x5357, 16, {0x0180, 0x0180, 0x7FFE, 0x0180, 0x0180, 0x3FFC, 0x2024, 0x2664, 0x2244, 0x2FF4, 0x2184, 0x2184, 0x2FF4, 0x2184, 0x2184, 0x201C}},
    {0x535A, 16, {0x1028, 0x1024, 0x13FE, 0x1020, 0x13FE, 0x7E26, 0x13FE, 0x13FE, 0x1226, 0x120C, 0x1008, 0x17FE, 0x1108, 0x1088, 0x1008, 0x1038}},
    {0x5373, 16, {0x0000, 0x3F7E, 0x2166, 0x2166, 0x2166, 0x3F66, 0x2166, 0x2166, 0x3F66, 0x2066, 0x2466, 0x226C, 0x2F60, 0x7960, 0x6160, 0x0040}},
    {0x539A, 16, {0x0000, 0x3FFE, 0x2000, 0x27F8, 0x2408, 0x27F8, 0x2408, 0x27F8, 0x2000, 0x27F8, 0x2030, 0x2040, 0x3FFE, 0x6040, 0x4040, 0x43C0}},
    {0x539F, 16, {0x0000, 0x3FFE, 0x20C0, 0x2080, 0x27FC, 0x2404, 0x2404, 0x27FC, 0x2404, 0x27FC, 0x2040, 0x2248, 0x6448, 0x4C44, 0x5846, 0x0180}},
    {0x53C3, 16, {0x0200, 0x0420, 0x1FF0, 0x1008, 0x1030, 0x35A4, 0x3FFE, 0x0660, 0x1898, 0x730E, 0x0C60, 0x0380, 0x0E10, 0x00E0, 0x0780, 0x1800}},
    {0x53C8, 16, {0x0000, 0x0000, 0x3FFC, 0x1008, 0x1808, 0x0818, 0x0810, 0x0430, 0x0660, 0x0340, 0x0180, 0x0180, 0x0660, 0x1C38, 0x700E, 0x0002}},
    {0x53CA, 16, {0x0000, 0x7FE0, 0x0C20, 0x0C20, 0x0C60, 0x0C7C, 0x0E04, 0x0A0C, 0x0B08, 0x1918, 0x1090, 0x10F0, 0x3060, 0x61F8, 0x470E, 0x0400}},
    {0x53CB, 16, {0x0400, 0x0600, 0x0400, 0x7FFE, 0x0400, 0x0400, 0x0400, 0x0FF8, 0x0E18, 0x0A10, 0x1B30, 0x11E0, 0x30C0, 0x61F0, 0x4E1E, 0x0802}},
    {0x53D6, 16, {0x0000, 0x7F80, 0x2300, 0x22FE, 0x2246, 0x3E44, 0x2244, 0x2264, 0x3E2C, 0x2238, 0x2218, 0x2618, 0x7E38, 0x026C, 0x03C6, 0x0200}},
    {0x53E0, 16, {0x0000, 0x1FF0, 0x0160, 0x1E10, 0x3EFC, 0x364C, 0x1C38, 0x62C4, 0x7FFE, 0x4FF2, 0x0810, 0x0FF0, 0x0810, 0x0FF0, 0x0810, 0x7FFE}},
    {0x53E3, 16, {0x0000, 0x0000, 0x3FFC, 0x2004, 0x2004, 0x2004, 0x2004, 0x2004, 0x2004, 0x2004, 0x2004, 0x2004, 0x2004, 0x3FFC, 0x2004, 0x0000}},
    {0x53E4, 16, {0x0180, 0x0180, 0x0180, 0x7FFE, 0x0180, 0x0180, 0x0180, 0x0180, 0x1FF8, 0x1008, 0x1008, 0x1008, 0x1008, 0x1008, 0x1FF8, 0x1008}},
    {0x53EA, 16, {0x0000, 0x0000, 0x1FF8, 0x1008, 0x1008, 0x1008, 0x1008, 0x1008, 0x1FF8, 0x0000, 0x0000, 0x0420, 0x0C18, 0x180C, 0x6006, 0x4000}},
    {0x53EF, 16, {0x0000, 0x0000, 0x7FFE, 0x0008, 0x0008, 0x1F88, 0x1088, 0x1088, 0x1088, 0x1088, 0x1F88, 0x1008, 0x1008, 0x0008, 0x0008, 0x0078}},
    {0x53F0, 16, {0x0200, 0x0200, 0x0620, 0x0C30, 0x1818, 0x303C, 0x3FFC, 0x0004, 0x0000, 0x1FF8, 0x1008, 0x1008, 0x1008, 0x1008, 0x1FF8, 0x1008}},
    {0x53F2, 16, {0x0000, 0x0180, 0x0180, 0x3FFC, 0x2184, 0x2184, 0x2184, 0x3FFC, 0x0180, 0x1100, 0x1900, 0x0B00, 0x0600, 0x0F00, 0x39F0, 0x601E}},
    {0x53F3, 16, {0x0100, 0x0200, 0x0200, 0x7FFE, 0x0600, 0x0400, 0x0C00, 0x0800, 0x1FFC, 0x1C04, 0x2804, 0x4804, 0x0804, 0x0C04, 0x0FFC, 0x0804}},
    {0x53F8, 16, {0x0000, 0x7FFC, 0x0004, 0x0004, 0x3FE4, 0x0004, 0x0004, 0x1FC4, 0x1044, 0x1044, 0x1044, 0x1044, 0x1FC4, 0x1004, 0x0004, 0x003C}},
    {0x5408, 16, {0x0080, 0x0180, 0x03C0, 0x0660, 0x0C30, 0x381C, 0x6FF6, 0x0000, 0x0000, 0x1FF8, 0x1008, 0x1008, 0x1008, 0x1008, 0x1FF8, 0x1008}},
    {0x5409, 16, {0x0180, 0x0180, 0x0180, 0x7FFE, 0x0180, 0x0180, 0x3FFC, 0x0000, 0x0000, 0x0000, 0x1FF8, 0x1008, 0x1008, 0x1008, 0x1FF8, 0x1008}},
    {0x540C, 16, {0x0000, 0x7FFE, 0x6006, 0x6006, 0x6FF6, 0x6006, 0x6006, 0x67E6, 0x6426, 0x6426, 0x6426, 0x67E6, 0x6406, 0x6406, 0x6006, 0x601C}},
    {0x540D, 16, {0x0200, 0x0600, 0x0FF0, 0x1820, 0x3820, 0x6C40, 0x46C0, 0x0380, 0x0300, 0x07FC, 0x1C04, 0x7404, 0x0404, 0x0404, 0x07FC, 0x0404}},
    {0x540E, 16, {0x0000, 0x01FC, 0x3F80, 0x3000, 0x3000, 0x3FFE, 0x3000, 0x3000, 0x3000, 0x27FC, 0x2404, 0x2404, 0x2404, 0x6404, 0x47FC, 0x4404}},
    {0x5411, 16, {0x0100, 0x0100, 0x0300, 0x3FFE, 0x2006, 0x2006, 0x2006, 0x27E6, 0x2426, 0x2426, 0x2426, 0x27E6, 0x2406, 0x2406, 0x2004, 0x201C}},
    {0x541B, 16, {0x0000, 0x1FF8, 0x0108, 0x0308, 0x7FFE, 0x0208, 0x0608, 0x3FF8, 0x0C00, 0x0800, 0x1FFC, 0x3804, 0x4804, 0x0804, 0x0FFC, 0x0804}},
    {0x542B, 16, {0x0080, 0x0180, 0x0640, 0x0C30, 0x3FFC, 0x4002, 0x1FF8, 0x0010, 0x0030, 0x0020, 0x1FF8, 0x1008, 0x1008, 0x1008, 0x1FF8, 0x1008}},
    {0x5433, 16, {0x0000, 0x07F8, 0x2408, 0x2408, 0x2408, 0x27F8, 0x2000, 0x3FFC, 0x018C, 0x010C, 0x010C, 0x7FFE, 0x0300, 0x06E0, 0x1C1C, 0x6004}},
    {0x544A, 16, {0x0080, 0x0880, 0x1880, 0x1FFC, 0x2080, 0x6080, 0x0080, 0x7FFE, 0x0000, 0x1FF8, 0x1008, 0x1008, 0x1008, 0x1008, 0x1FF8, 0x1008}},
    {0x5480, 16, {0x0000, 0x01FC, 0x7904, 0x4904, 0x4904, 0x49FC, 0x4904, 0x4904, 0x4904, 0x4904, 0x49FC, 0x7904, 0x4104, 0x0104, 0x07FE, 0x0000}},
    {0x548C, 16, {0x0000, 0x1E00, 0x78FC, 0x08C4, 0x08C4, 0x7FC4, 0x18C4, 0x1CC4, 0x1EC4, 0x2AC4, 0x29C4, 0x68C4, 0x48C4, 0x08FC, 0x08C4, 0x0800}},
    {0x5496, 16, {0x0100, 0x7900, 0x491E, 0x4912, 0x4FD2, 0x4952, 0x4952, 0x4952, 0x4B52, 0x4A52, 0x4A52, 0x7A52, 0x4252, 0x045E, 0x04D2, 0x0992}},
    {0x54E1, 16, {0x0000, 0x1FF8, 0x1008, 0x1008, 0x1FF8, 0x0000, 0x3FFC, 0x3004, 0x3FFC, 0x3004, 0x3FFC, 0x3004, 0x3FFC, 0x0C30, 0x381C, 0x6002}},
    {0x54E5, 16, {0x0000, 0x7FFE, 0x0008, 0x1FC8, 0x1048, 0x1048, 0x1FC8, 0x0008, 0x7FFE, 0x0008, 0x1FC8, 0x1048, 0x1048, 0x1FC8, 0x1008, 0x0038}},
    {0x5510, 16, {0x0080, 0x00C0, 0x3FFE, 0x20C0, 0x27FC, 0x20C4, 0x3FFE, 0x20C4, 0x20C4, 0x2FFC, 0x20C0, 0x2FFC, 0x6C04, 0x4C04, 0x4FFC, 0x0004}},
    {0x5546, 16, {0x0100, 0x0180, 0x7FFE, 0x0420, 0x0420, 0x0420, 0x3FFC, 0x2244, 0x2C74, 0x3804, 0x27E4, 0x2424, 0x2424, 0x27E4, 0x2404, 0x201C}},
    {0x555F, 16, {0x0810, 0x0830, 0x0C20, 0x3F3E, 0x2126, 0x2164, 0x3F64, 0x2064, 0x2014, 0x3F18, 0x3118, 0x7118, 0x5118, 0x5134, 0x5F66, 0x1042}},
    {0x5561, 16, {0x0010, 0x78D0, 0x48D0, 0x4FDE, 0x48D0, 0x48D0, 0x48D0, 0x4BDE, 0x48D0, 0x48D0, 0x7F9E, 0x4290, 0x0090, 0x0110, 0x0310, 0x0210}},
    {0x5584, 16, {0x0810, 0x0420, 0x3FFC, 0x0180, 0x1FF8, 0x0180, 0x7FFE, 0x0810, 0x0810, 0x7FFE, 0x0000, 0x1FF8, 0x1008, 0x1008, 0x1FF8, 0x1008}},
    {0x5587, 16, {0x0100, 0x0102, 0x7FE2, 0x4902, 0x4902, 0x4FC2, 0x4D02, 0x4D02, 0x4D02, 0x4FC2, 0x4982, 0x7BC2, 0x4362, 0x0502, 0x0902, 0x010C}},
    {0x559A, 16, {0x0000, 0x0080, 0x79F0, 0x4910, 0x4BFC, 0x4B24, 0x4964, 0x4954, 0x498C, 0x4924, 0x7924, 0x47FE, 0x4050, 0x00C8, 0x0386, 0x0602}},
    {0x559C, 16, {0x0180, 0x7FFE, 0x0180, 0x0180, 0x3FFC, 0x1FF8, 0x1008, 0x1008, 0x1FF8, 0x0420, 0x7FFE, 0x0000, 0x1FF8, 0x1008, 0x1FF8, 0x1008}},
    {0x55AE, 16, {0x0000, 0x3E7C, 0x2244, 0x3E7C, 0x0000, 0x1FFC, 0x118C, 0x1FFC, 0x118C, 0x118C, 0x1FFC, 0x0180, 0x7FFE, 0x0180, 0x0180, 0x0180}},
    {0x5609, 16, {0x0180, 0x7FFE, 0x0180, 0x3FFC, 0x0000, 0x1FF8, 0x1008, 0x1FF8, 0x0420, 0x0420, 0x7FFE, 0x0800, 0x7F7C, 0x1144, 0x327C, 0x4E44}},
    {0x5668, 16, {0x0000, 0x3E7C, 0x2244, 0x2244, 0x2244, 0x3E7C, 0x0330, 0x7FFE, 0x0C30, 0x181C, 0x300E, 0x7E7C, 0x2244, 0x2244, 0x3E7C, 0x0040}},
    {0x56DB, 16, {0x0000, 0x0000, 0x7FFE, 0x6246, 0x6246, 0x6646, 0x6646, 0x6446, 0x6446, 0x6C7E, 0x7806, 0x6006, 0x6006, 0x7FFE, 0x6006, 0x0000}},
    {0x56DE, 16, {0x0000, 0x7FFE, 0x6006, 0x6006, 0x6006, 0x67E6, 0x6426, 0x6426, 0x6426, 0x6426, 0x67E6, 0x6006, 0x6006, 0x6006, 0x7FFE, 0x4002}},
    {0x5703, 16, {0x0000, 0x7FFE, 0x4002, 0x41A2, 0x5FFA, 0x4182, 0x4FF2, 0x4812, 0x4FF2, 0x4812, 0x4FF2, 0x4812, 0x4832, 0x4002, 0x7FFE, 0x4002}},
    {0x570B, 16, {0x0000, 0x7FFE, 0x60A6, 0x4092, 0x5FFA, 0x4082, 0x4E92, 0x4872, 0x4862, 0x4E62, 0x4042, 0x5FEA, 0x4132, 0x4006, 0x7FFE, 0x4002}},
    {0x570D, 16, {0x0000, 0x7FFE, 0x4106, 0x47E2, 0x4222, 0x4FF2, 0x47E2, 0x4C22, 0x4FE2, 0x4082, 0x4FF2, 0x4882, 0x4FF2, 0x4082, 0x7FFE, 0x4002}},
    {0x5712, 16, {0x0000, 0x7FFE, 0x4006, 0x4FF2, 0x4102, 0x5FFA, 0x4002, 0x4FF2, 0x4FF2, 0x4602, 0x5C72, 0x4422, 0x4712, 0x4002, 0x7FFE, 0x4002}},
    {0x5713, 16, {0x0000, 0x7FFE, 0x6006, 0x47E2, 0x47E2, 0x4002, 0x4FF2, 0x4FF2, 0x4812, 0x4FF2, 0x4812, 0x4FF2, 0x4C32, 0x4006, 0x7FFE, 0x4002}},
    {0x5716, 16, {0x0000, 0x7FFE, 0x4002, 0x47E2, 0x4422, 0x47E2, 0x5FFA, 0x4002, 0x4FF2, 0x4992, 0x4A52, 0x4992, 0x4FF2, 0x4002, 0x7FFE, 0x4002}},
    {0x5718, 16, {0x0000, 0x3FFC, 0x2004, 0x2FF4, 0x2FF4, 0x2914, 0x2FF4, 0x2FF4, 0x2124, 0x2FF4, 0x3FFC, 0x2464, 0x2264, 0x20C4, 0x3FFC, 0x2004}},
    {0x571F, 16, {0x0000, 0x0180, 0x0180, 0x0180, 0x0180, 0x0180, 0x3FFC, 0x0180, 0x0180, 0x0180, 0x0180, 0x0180, 0x0180, 0x0180, 0x7FFE, 0x0000}},
    {0x5728, 16, {0x0200, 0x0200, 0x0600, 0x7FFE, 0x0400, 0x0820, 0x1820, 0x3020, 0x73FC, 0x5060, 0x1020, 0x1020, 0x1020, 0x1020, 0x17FE, 0x0000}},
    {0x5730, 16, {0x1020, 0x1020, 0x1120, 0x1124, 0x7D3E, 0x11E4, 0x13A4, 0x1724, 0x1124, 0x1524, 0x3924, 0x7120, 0x0102, 0x0102, 0x01FE, 0x0000}},
    {0x5733, 16, {0x1000, 0x1106, 0x1126, 0x1126, 0x7D26, 0x1126, 0x1126, 0x1126, 0x1126, 0x1126, 0x1526, 0x3926, 0x6326, 0x0206, 0x0606, 0x0000}},
    {0x5740, 16, {0x1010, 0x1030, 0x1030, 0x1030, 0x7D30, 0x1130, 0x113E, 0x1130, 0x1130, 0x1130, 0x1D30, 0x7130, 0x4130, 0x0130, 0x07FE, 0x0000}},
    {0x5747, 16, {0x0080, 0x1080, 0x1080, 0x11FE, 0x1102, 0x7E02, 0x1602, 0x11F2, 0x1002, 0x1002, 0x1402, 0x1DF2, 0x3006, 0x4006, 0x0004, 0x003C}},
    {0x574A, 16, {0x1020, 0x1020, 0x1000, 0x13FE, 0x10C0, 0x7C40, 0x1040, 0x107C, 0x10C4, 0x10C4, 0x1484, 0x3C84, 0x6184, 0x0104, 0x0204, 0x0438}},
    {0x5751, 16, {0x1040, 0x1020, 0x1020, 0x13FE, 0x7C00, 0x1000, 0x10F8, 0x1088, 0x1088, 0x1088, 0x1488, 0x3988, 0x610A, 0x010A, 0x020A, 0x040E}},
    {0x576A, 16, {0x0000, 0x13FE, 0x1020, 0x1124, 0x7924, 0x3124, 0x1128, 0x1128, 0x1020, 0x17FE, 0x1020, 0x3820, 0x6020, 0x0020, 0x0020, 0x0020}},
    {0x5773, 16, {0x0010, 0x3110, 0x3110, 0x3310, 0x7A3E, 0x32D2, 0x3792, 0x3592, 0x3112, 0x3112, 0x3AB2, 0x77E2, 0x4662, 0x0064, 0x004C, 0x0000}},
    {0x578B, 16, {0x0004, 0x3FA4, 0x1224, 0x1224, 0x7FA4, 0x1224, 0x1204, 0x2204, 0x631C, 0x0180, 0x0180, 0x3FFC, 0x0180, 0x0180, 0x7FFE, 0x0000}},
    {0x57CE, 16, {0x0010, 0x1014, 0x1012, 0x13FE, 0x7A10, 0x3210, 0x13D2, 0x1254, 0x1254, 0x125C, 0x1258, 0x3E58, 0x7798, 0x0438, 0x046E, 0x0846}},
    {0x57D4, 16, {0x1028, 0x1024, 0x1020, 0x13FE, 0x7C20, 0x1020, 0x13FE, 0x1322, 0x13FE, 0x1722, 0x1F22, 0x73FE, 0x4322, 0x0322, 0x0322, 0x032C}},
    {0x57D7, 16, {0x0020, 0x2020, 0x213C, 0x2120, 0x7920, 0x37FE, 0x2020, 0x2120, 0x2124, 0x2324, 0x3A28, 0x3018, 0x6030, 0x0060, 0x03C0, 0x0200}},
    {0x57DF, 16, {0x0010, 0x2014, 0x2012, 0x27FE, 0x3010, 0x7BD2, 0x2254, 0x2254, 0x225C, 0x23D8, 0x3818, 0x30D8, 0x47B8, 0x042A, 0x004E, 0x0006}},
    {0x57F8, 16, {0x0000, 0x11FC, 0x1104, 0x11FC, 0x7D04, 0x1104, 0x11FC, 0x1080, 0x1100, 0x17FE, 0x3E5A, 0x6492, 0x41B2, 0x0322, 0x0644, 0x00DC}},
    {0x57F9, 16, {0x0020, 0x1020, 0x13FE, 0x1008, 0x7D08, 0x3088, 0x1088, 0x17FE, 0x1000, 0x1000, 0x11FC, 0x3D04, 0x7104, 0x0104, 0x01FC, 0x0104}},
    {0x57FA, 16, {0x0810, 0x0810, 0x7FFE, 0x0810, 0x0FF0, 0x0810, 0x0FF0, 0x0810, 0x7FFE, 0x0810, 0x1188, 0x6FF6, 0x4180, 0x0180, 0x3FFC, 0x0000}},
    {0x5802, 16, {0x0008, 0x1188, 0x0990, 0x7FFE, 0x4002, 0x4FF2, 0x4812, 0x0810, 0x0FF0, 0x0180, 0x0180, 0x3FFC, 0x0180, 0x0180, 0x7FFE, 0x0000}},
    {0x5805, 16, {0x0000, 0x7FFE, 0x6444, 0x7F44, 0x612C, 0x6138, 0x7F18, 0x6438, 0x7F6C, 0x00C6, 0x0180, 0x3FFC, 0x0180, 0x0180, 0x7FFE, 0x0000}},
    {0x5821, 16, {0x0800, 0x1BFC, 0x120C, 0x33FC, 0x7040, 0x7040, 0x57FE, 0x11F0, 0x134C, 0x1446, 0x0180, 0x3FFC, 0x0180, 0x0180, 0x7FFE, 0x0000}},
    {0x5824, 16, {0x0000, 0x13FC, 0x1304, 0x13FC, 0x1304, 0x7FFC, 0x1000, 0x1000, 0x17FE, 0x1020, 0x1120, 0x1F3C, 0x7320, 0x02E0, 0x047E, 0x0000}},
    {0x582F, 16, {0x0180, 0x1FF8, 0x0180, 0x0180, 0x7FFE, 0x0810, 0x3EFC, 0x0830, 0x7FFE, 0x0000, 0x7FFE, 0x0440, 0x0440, 0x0842, 0x1862, 0x603E}},
    {0x5831, 16, {0x0800, 0x08FE, 0x7E86, 0x0886, 0x0886, 0x7F9C, 0x2280, 0x24FE, 0x24E2, 0x7EA4, 0x08B4, 0x7F98, 0x0898, 0x089C, 0x08F6, 0x08E2}},
    {0x5834, 16, {0x0000, 0x11FC, 0x1104, 0x11FC, 0x7D04, 0x11FC, 0x1000, 0x17FE, 0x1100, 0x1FFE, 0x3652, 0x6492, 0x01B2, 0x0326, 0x0264, 0x005C}},
    {0x584A, 16, {0x1080, 0x1080, 0x13FE, 0x1222, 0x7E22, 0x13FE, 0x1222, 0x1222, 0x13FE, 0x10A0, 0x10A0, 0x3CAA, 0x70BE, 0x0120, 0x0321, 0x061E}},
    {0x5858, 16, {0x0020, 0x1020, 0x13FE, 0x1220, 0x7EFC, 0x3224, 0x1224, 0x13FE, 0x1224, 0x12FC, 0x1620, 0x3EFC, 0x6484, 0x0484, 0x04FC, 0x0084}},
    {0x585E, 16, {0x0100, 0x0180, 0x7FFE, 0x4422, 0x3FF8, 0x0420, 0x1FF8, 0x0420, 0x0420, 0x7FFE, 0x0C30, 0x1998, 0x6FF6, 0x0180, 0x3FFC, 0x0000}},
    {0x5862, 16, {0x1040, 0x1040, 0x11FC, 0x1104, 0x7D04, 0x11FC, 0x1100, 0x11FE, 0x1100, 0x1100, 0x1DFE, 0x7012, 0x42AA, 0x02A2, 0x0486, 0x041C}},
    {0x586B, 16, {0x1020, 0x1020, 0x13FE, 0x1020, 0x7DFC, 0x1104, 0x11FC, 0x11FC, 0x1104, 0x11FC, 0x1D04, 0x3D04, 0x77FE, 0x0088, 0x030C, 0x0402}},
    {0x5883, 16, {0x0020, 0x13FC, 0x1088, 0x1098, 0x7BFE, 0x3000, 0x11FC, 0x1104, 0x11FC, 0x1104, 0x19FC, 0x3890, 0x6090, 0x0092, 0x0112, 0x061E}},
    {0x5885, 16, {0x0000, 0x7F7E, 0x490C, 0x7F38, 0x4918, 0x7FFE, 0x0812, 0x7F14, 0x0810, 0x0910, 0x7F70, 0x0180, 0x3FFC, 0x0180, 0x7FFE, 0x0000}},
    {0x5893, 16, {0x0420, 0x7FFE, 0x0420, 0x1FF8, 0x1008, 0x1FF8, 0x1008, 0x1FF8, 0x0600, 0x7FFE, 0x0810, 0x1188, 0x6FF6, 0x0180, 0x3FFC, 0x0000}},
    {0x589E, 16, {0x0008, 0x1188, 0x1098, 0x13FE, 0x1222, 0x7EAA, 0x12A2, 0x13FE, 0x1000, 0x11FC, 0x1504, 0x1D04, 0x71F4, 0x0104, 0x01FC, 0x0104}},
    {0x589F, 16, {0x0020, 0x103E, 0x1020, 0x13FE, 0x7A42, 0x326A, 0x12F0, 0x1240, 0x123C, 0x1200, 0x1B52, 0x7752, 0x45DE, 0x0C50, 0x0BFE, 0x0000}},
    {0x58B3, 16, {0x1020, 0x13FE, 0x1020, 0x10A8, 0x7FFE, 0x1088, 0x11FC, 0x1104, 0x11FC, 0x1104, 0x1DFC, 0x7104, 0x41FC, 0x0098, 0x030C, 0x0402}},
    {0x58C1, 16, {0x0010, 0x3EFE, 0x2240, 0x2248, 0x3FFE, 0x6010, 0x7E10, 0x62FE, 0x6210, 0x7E10, 0x0180, 0x3FFC, 0x0180, 0x0180, 0x7FFE, 0x0000}},
    {0x58C6, 16, {0x0000, 0x39BC, 0x2184, 0x3C3C, 0x2184, 0x3DBC, 0x320C, 0x7FFE, 0x4002, 0x4182, 0x0180, 0x3FF8, 0x0180, 0x0180, 0x7FFE, 0x0000}},
    {0x58E9, 16, {0x0000, 0x33FE, 0x3060, 0x37FE, 0x357A, 0x78F8, 0x33C4, 0x37DE, 0x3212, 0x339E, 0x3FD2, 0x755E, 0x47F2, 0x07E2, 0x0122, 0x0126}},
    {0x58EB, 16, {0x0000, 0x0180, 0x0180, 0x0180, 0x0180, 0x0180, 0x7FFE, 0x0180, 0x0180, 0x0180, 0x0180, 0x0180, 0x0180, 0x0180, 0x3FFC, 0x0000}},
    {0x58FD, 16, {0x0100, 0x7FFE, 0x0180, 0x3FFC, 0x0000, 0x7FFE, 0x0FF2, 0x0180, 0x3FFC, 0x0000, 0x000C, 0x3FFE, 0x2208, 0x22C8, 0x3E48, 0x0018}},
    {0x590F, 16, {0x0000, 0x7FFE, 0x0100, 0x1FF8, 0x1008, 0x1FF8, 0x1FF8, 0x1008, 0x1FF8, 0x0600, 0x0FF0, 0x3C30, 0x6260, 0x03C0, 0x0FF0, 0x700E}},
    {0x5916, 16, {0x0820, 0x1820, 0x1020, 0x1F20, 0x3120, 0x2120, 0x7338, 0x5A2C, 0x0E26, 0x0622, 0x0420, 0x0C20, 0x1820, 0x3020, 0x6020, 0x4020}},
    {0x591A, 16, {0x0100, 0x0300, 0x07F0, 0x0C30, 0x3C20, 0x03C0, 0x0180, 0x0640, 0x39FE, 0x0304, 0x1F0C, 0x00D8, 0x0070, 0x01C0, 0x0F00, 0x1800}},
    {0x591C, 16, {0x0100, 0x0180, 0x7FFE, 0x0C40, 0x08C0, 0x18FC, 0x11C4, 0x3364, 0x7738, 0x5498, 0x10D0, 0x1070, 0x1070, 0x10D8, 0x170E, 0x1002}},
    {0x5927, 16, {0x0180, 0x0180, 0x0180, 0x0180, 0x0100, 0x7FFE, 0x0180, 0x0180, 0x0340, 0x0240, 0x0660, 0x0430, 0x0C18, 0x180C, 0x7006, 0x4002}},
    {0x5929, 16, {0x0000, 0x0000, 0x3FFC, 0x0180, 0x0180, 0x0180, 0x0180, 0x7FFE, 0x0180, 0x03C0, 0x0240, 0x0660, 0x0C30, 0x1818, 0x700E, 0x4002}},
    {0x592A, 16, {0x0100, 0x0180, 0x0180, 0x0180, 0x0180, 0x7FFE, 0x0180, 0x01C0, 0x0340, 0x0240, 0x0620, 0x0630, 0x0F18, 0x198C, 0x7086, 0x4002}},
    {0x592B, 16, {0x0100, 0x0180, 0x0180, 0x3FFC, 0x0180, 0x0180, 0x0180, 0x0180, 0x7FFE, 0x0180, 0x03C0, 0x0240, 0x0660, 0x1C38, 0x700E, 0x4002}},
    {0x592E, 16, {0x0100, 0x0180, 0x0180, 0x1FFC, 0x118C, 0x118C, 0x110C, 0x110C, 0x7FFE, 0x0180, 0x0340, 0x0640, 0x0420, 0x1818, 0x700E, 0x4002}},
    {0x5931, 16, {0x0100, 0x1980, 0x1180, 0x1FFC, 0x3180, 0x6180, 0x4100, 0x0180, 0x7FFE, 0x0180, 0x03C0, 0x0640, 0x0420, 0x1818, 0x700E, 0x4002}},
    {0x5967, 16, {0x0000, 0x0100, 0x3FFC, 0x2004, 0x27E4, 0x2404, 0x2FF4, 0x23C4, 0x2C34, 0x2004, 0x0100, 0x7FFE, 0x0340, 0x0630, 0x3C0E, 0x6002}},
    {0x5973, 16, {0x0100, 0x0300, 0x0200, 0x0218, 0x7FFE, 0x0C10, 0x0C30, 0x0830, 0x1820, 0x1C60, 0x07C0, 0x01C0, 0x03E0, 0x0E38, 0x780C, 0x2004}},
    {0x5976, 16, {0x2000, 0x23F8, 0x2888, 0x2888, 0x7C98, 0x2890, 0x289E, 0x4882, 0x4882, 0x4882, 0x3982, 0x1106, 0x1906, 0x2F04, 0x6604, 0x463C}},
    {0x597D, 16, {0x0000, 0x1000, 0x30FE, 0x260C, 0x7E08, 0x2410, 0x2410, 0x2410, 0x65FE, 0x6410, 0x3C10, 0x1810, 0x1C10, 0x1610, 0x6230, 0x40E0}},
    {0x5982, 16, {0x1000, 0x1000, 0x127C, 0x3F44, 0x7244, 0x2244, 0x2244, 0x2244, 0x2244, 0x6644, 0x3C44, 0x0C44, 0x1C44, 0x327C, 0x6044, 0x4000}},
    {0x5999, 16, {0x1020, 0x1020, 0x1020, 0x34A4, 0x7EA4, 0x24A6, 0x2522, 0x2520, 0x4424, 0x6864, 0x180C, 0x1808, 0x1C10, 0x2460, 0x61C0, 0x0100}},
    {0x59CB, 16, {0x1020, 0x1020, 0x1040, 0x3448, 0x7E84, 0x2586, 0x25FE, 0x2402, 0x4400, 0x69FC, 0x3904, 0x1904, 0x1D04, 0x3704, 0x61FC, 0x4104}},
    {0x59D4, 16, {0x0038, 0x3FC0, 0x0180, 0x0180, 0x7FFE, 0x07E0, 0x0D98, 0x7186, 0x0208, 0x7FFE, 0x0C10, 0x0830, 0x1F60, 0x03E0, 0x0F3C, 0x7C06}},
    {0x5A01, 16, {0x0028, 0x002C, 0x0020, 0x3FFE, 0x2020, 0x2FA0, 0x2424, 0x24A4, 0x2FB4, 0x291C, 0x2918, 0x2F18, 0x6312, 0x46BA, 0x586A, 0x4086}},
    {0x5A18, 16, {0x0020, 0x2020, 0x21FC, 0x2D04, 0x7D04, 0x2504, 0x29FC, 0x4904, 0x49FC, 0x6920, 0x3936, 0x1918, 0x1918, 0x252C, 0x61C6, 0x0100}},
    {0x5A1B, 16, {0x0000, 0x207C, 0x2144, 0x2944, 0x7D44, 0x297C, 0x2900, 0x49FC, 0x4824, 0x4824, 0x3BFE, 0x1840, 0x3C50, 0x248C, 0x4306, 0x0202}},
    {0x5ABD, 16, {0x0000, 0x21FE, 0x2130, 0x2930, 0x7DFC, 0x2930, 0x29FC, 0x4930, 0x4930, 0x49FE, 0x3802, 0x182A, 0x1AAA, 0x2282, 0x4206, 0x001C}},
    {0x5B50, 16, {0x0000, 0x3FFC, 0x0018, 0x0030, 0x00E0, 0x0180, 0x0180, 0x0180, 0x7FFE, 0x0180, 0x0180, 0x0180, 0x0180, 0x0180, 0x0180, 0x0F00}},
    {0x5B54, 16, {0x0000, 0x7F20, 0x0320, 0x0620, 0x0C20, 0x0820, 0x0820, 0x0F20, 0x1E20, 0x7820, 0x0820, 0x0820, 0x0822, 0x0822, 0x0822, 0x383E}},
    {0x5B56, 16, {0x0000, 0x7EFE, 0x0604, 0x040C, 0x0C18, 0x0810, 0x0810, 0x0BFE, 0x1C10, 0x7810, 0x0810, 0x0810, 0x0810, 0x0810, 0x0810, 0x70F0}},
    {0x5B58, 16, {0x0200, 0x0200, 0x0200, 0x7FFE, 0x0400, 0x0800, 0x19FC, 0x1018, 0x3030, 0x7020, 0x17FE, 0x1020, 0x1020, 0x1020, 0x1020, 0x11E0}},
    {0x5B5A, 16, {0x003C, 0x3FC0, 0x0108, 0x1108, 0x1990, 0x0010, 0x1FF8, 0x0030, 0x00E0, 0x0080, 0x7FFE, 0x0080, 0x0080, 0x0080, 0x0080, 0x0700}},
    {0x5B5D, 16, {0x0200, 0x0304, 0x3FF8, 0x0310, 0x0320, 0x7FFE, 0x0180, 0x0700, 0x0FF8, 0x7030, 0x40C0, 0x3FFE, 0x0080, 0x0080, 0x0080, 0x0780}},
    {0x5B5F, 16, {0x0000, 0x0FF8, 0x0030, 0x00C0, 0x0080, 0x7FFC, 0x0080, 0x0080, 0x0780, 0x0000, 0x3FFC, 0x3244, 0x3244, 0x3244, 0x7FFE, 0x0000}},
    {0x5B6B, 16, {0x0010, 0x7C60, 0x0D80, 0x0860, 0x1088, 0x11F0, 0x1020, 0x1444, 0x39DE, 0x73F2, 0x1020, 0x11AC, 0x1124, 0x1326, 0x1222, 0x30E0}},
    {0x5B78, 16, {0x0000, 0x39BC, 0x33CC, 0x300C, 0x3DBC, 0x324C, 0x7FFE, 0x4002, 0x4FF2, 0x0060, 0x0080, 0x7FFE, 0x0080, 0x0080, 0x0080, 0x0700}},
    {0x5B89, 16, {0x0100, 0x0180, 0x7FFE, 0x6006, 0x6306, 0x0210, 0x0610, 0x7FFE, 0x0C30, 0x0820, 0x1C60, 0x07C0, 0x01E0, 0x0738, 0x3C0C, 0x3004}},
    {0x5B8B, 16, {0x0100, 0x0180, 0x7FFE, 0x6006, 0x4186, 0x0180, 0x0180, 0x7FFE, 0x03C0, 0x07C0, 0x05A0, 0x0990, 0x1988, 0x6186, 0x4182, 0x0180}},
    {0x5B8C, 16, {0x0100, 0x0180, 0x7FFE, 0x6006, 0x4006, 0x4FF6, 0x0000, 0x0000, 0x7FFE, 0x0460, 0x0440, 0x0440, 0x0C42, 0x1862, 0x703E, 0x0000}},
    {0x5B8F, 16, {0x0100, 0x0080, 0x7FFE, 0x4002, 0x4202, 0x0200, 0x7FFE, 0x0400, 0x0C80, 0x0880, 0x1980, 0x1110, 0x3208, 0x661C, 0x47FC, 0x0000}},
    {0x5B97, 16, {0x0100, 0x0180, 0x7FFE, 0x6002, 0x4002, 0x0FF0, 0x0000, 0x0000, 0x7FFE, 0x0180, 0x0180, 0x1998, 0x1188, 0x2184, 0x4186, 0x0700}},
    {0x5B98, 16, {0x0100, 0x0180, 0x7FFE, 0x4002, 0x4002, 0x1FF8, 0x1008, 0x1008, 0x1FF8, 0x1000, 0x1000, 0x1FF8, 0x1008, 0x1008, 0x1FF8, 0x1008}},
    {0x5B9A, 16, {0x0100, 0x0180, 0x7FFE, 0x6006, 0x4006, 0x4006, 0x1FF8, 0x0180, 0x0180, 0x1980, 0x11F8, 0x1980, 0x3D80, 0x2780, 0x61FE, 0x0000}},
    {0x5B9C, 16, {0x0100, 0x0180, 0x7FFE, 0x6006, 0x4006, 0x0FF0, 0x0810, 0x0810, 0x0FF0, 0x0810, 0x0810, 0x0FF0, 0x0810, 0x0810, 0x7FFE, 0x0000}},
    {0x5BA2, 16, {0x0100, 0x0180, 0x7FFE, 0x4202, 0x47F2, 0x0C30, 0x3660, 0x23C0, 0x03C0, 0x0E70, 0x781E, 0x7FF0, 0x0810, 0x0810, 0x0FF0, 0x0810}},
    {0x5BA3, 16, {0x0100, 0x0180, 0x7FFE, 0x4002, 0x5FFA, 0x0000, 0x0000, 0x0FF0, 0x0810, 0x0FF0, 0x0810, 0x0810, 0x0FF0, 0x0000, 0x7FFE, 0x0000}},
    {0x5BAE, 16, {0x0100, 0x0180, 0x7FFE, 0x4002, 0x4FF2, 0x4812, 0x0810, 0x0810, 0x0FF0, 0x0100, 0x1FF8, 0x1008, 0x1008, 0x1008, 0x1FF8, 0x1008}},
    {0x5BB6, 16, {0x0100, 0x0180, 0x7FFE, 0x4002, 0x4002, 0x1FF8, 0x0308, 0x0F18, 0x31B0, 0x03E0, 0x1CF0, 0x71D0, 0x06C8, 0x1CCC, 0x6086, 0x0380}},
    {0x5BB9, 16, {0x0100, 0x0180, 0x7FFE, 0x4006, 0x4426, 0x0818, 0x318C, 0x2344, 0x0420, 0x1818, 0x7FFE, 0x4810, 0x0810, 0x0810, 0x0FF0, 0x0810}},
    {0x5BBF, 16, {0x0100, 0x0180, 0x7FFE, 0x6002, 0x0800, 0x1BFE, 0x1040, 0x33FC, 0x7204, 0x5204, 0x1204, 0x13FC, 0x1204, 0x1204, 0x13FC, 0x1204}},
    {0x5BC6, 16, {0x0100, 0x0180, 0x7FFE, 0x4202, 0x4332, 0x04E0, 0x34CC, 0x2594, 0x4612, 0x3FF0, 0x6000, 0x1188, 0x118C, 0x118C, 0x1FFC, 0x0008}},
    {0x5BCC, 16, {0x0100, 0x0180, 0x7FFE, 0x4002, 0x5FFA, 0x0000, 0x1FF8, 0x1818, 0x0FF0, 0x0000, 0x3FFC, 0x2104, 0x3FFC, 0x2104, 0x3FFC, 0x0000}},
    {0x5BDF, 16, {0x0100, 0x0180, 0x7FFE, 0x4882, 0x1FFC, 0x324C, 0x6E78, 0x0430, 0x1FF8, 0x6006, 0x1FF8, 0x0080, 0x08B0, 0x1898, 0x3086, 0x0300}},
    {0x5BE6, 16, {0x0100, 0x7FFE, 0x4002, 0x4FFA, 0x0888, 0x7FFE, 0x1118, 0x1FF0, 0x1FF8, 0x1008, 0x1FF8, 0x1FF8, 0x1008, 0x1FF8, 0x0C38, 0x7004}},
    {0x5BE7, 16, {0x0100, 0x0180, 0x7FFE, 0x4102, 0x4492, 0x1428, 0x33E0, 0x1FF8, 0x124C, 0x124C, 0x7FFE, 0x0000, 0x3FFC, 0x0180, 0x0180, 0x0700}},
    {0x5BE8, 16, {0x0100, 0x0180, 0x7FFE, 0x4002, 0x3FF8, 0x0420, 0x1FF8, 0x0420, 0x7FFE, 0x0C10, 0x1988, 0x7FFE, 0x43C2, 0x07B0, 0x1998, 0x0000}},
    {0x5BE9, 16, {0x0100, 0x0180, 0x7FFE, 0x4012, 0x5FF2, 0x0990, 0x09B0, 0x7FFE, 0x07B0, 0x380C, 0x5FFA, 0x1188, 0x1FF8, 0x1188, 0x1FF8, 0x1008}},
    {0x5BEB, 16, {0x0100, 0x0180, 0x7FFE, 0x4202, 0x5CF8, 0x1008, 0x1E78, 0x1008, 0x1FF8, 0x0C00, 0x1FFC, 0x3004, 0x4AA4, 0x0A54, 0x1244, 0x0038}},
    {0x5BEE, 16, {0x0100, 0x0180, 0x7FFE, 0x4102, 0x1FF8, 0x2244, 0x3428, 0x1FF8, 0x781E, 0x0FF0, 0x0810, 0x0FF0, 0x0180, 0x1998, 0x318C, 0x2704}},
    {0x5BF6, 16, {0x0180, 0x7FFE, 0x4002, 0x3EFE, 0x0890, 0x1EFC, 0x0CFC, 0x3000, 0x1FF8, 0x1008, 0x1FF8, 0x1FF8, 0x1008, 0x1FF8, 0x1C38, 0x6004}},
    {0x5BFA, 16, {0x0180, 0x0180, 0x3FFC, 0x0180, 0x0180, 0x0180, 0x7FFE, 0x0020, 0x0020, 0x7FFE, 0x0030, 0x1820, 0x0C20, 0x0420, 0x0020, 0x00E0}},
    {0x5C07, 16, {0x0820, 0x487E, 0x48C4, 0x4F2C, 0x4F98, 0x78D0, 0x0860, 0x0988, 0x0808, 0x7BFE, 0x6808, 0x4988, 0x4888, 0x4848, 0x4808, 0x0838}},
    {0x5C08, 16, {0x0180, 0x7FFE, 0x0180, 0x1FFC, 0x318C, 0x3FFC, 0x318C, 0x3FFC, 0x0198, 0x3FFC, 0x0020, 0x7FFE, 0x0820, 0x0C20, 0x0620, 0x00E0}},
    {0x5C0A, 16, {0x0810, 0x0420, 0x7FFE, 0x0240, 0x3FFC, 0x2244, 0x2C7C, 0x27E4, 0x2004, 0x3FFC, 0x0030, 0x7FFE, 0x0830, 0x0C30, 0x0630, 0x00E0}},
    {0x5C0D, 16, {0x1004, 0x5584, 0x3704, 0x1604, 0x7F8C, 0x227E, 0x1204, 0x1204, 0x7F64, 0x0824, 0x3F24, 0x0804, 0x0804, 0x0F84, 0x7C0C, 0x0038}},
    {0x5C0E, 16, {0x2108, 0x07FE, 0x0040, 0x7BF8, 0x3204, 0x7BFC, 0x0BFC, 0x1204, 0x3BF8, 0x67FE, 0x0030, 0x7FFE, 0x0830, 0x0C30, 0x0630, 0x00E0}},
    {0x5C0F, 16, {0x0000, 0x0180, 0x0180, 0x0180, 0x0180, 0x1188, 0x1188, 0x3184, 0x3184, 0x2186, 0x6182, 0x4182, 0x0180, 0x0180, 0x0180, 0x0700}},
    {0x5C11, 16, {0x0100, 0x0180, 0x0990, 0x1998, 0x118C, 0x3184, 0x2186, 0x418A, 0x0198, 0x0710, 0x0030, 0x0060, 0x00C0, 0x0380, 0x3E00, 0x3000}},
    {0x5C16, 16, {0x0000, 0x0180, 0x0990, 0x118C, 0x2184, 0x4182, 0x0700, 0x0000, 0x0100, 0x7FFE, 0x0380, 0x02C0, 0x0660, 0x0C30, 0x781E, 0x4002}},
    {0x5C1A, 16, {0x0100, 0x318C, 0x1188, 0x0990, 0x0180, 0x3FFC, 0x2004, 0x2004, 0x27E4, 0x2424, 0x2424, 0x2424, 0x27E4, 0x2404, 0x2004, 0x201C}},
    {0x5C3C, 16, {0x0000, 0x1FFC, 0x1004, 0x1004, 0x1004, 0x1FFC, 0x1000, 0x1200, 0x1218, 0x1270, 0x33C0, 0x2200, 0x2202, 0x2206, 0x63FC, 0x4000}},
    {0x5C3E, 16, {0x0000, 0x3FFC, 0x2004, 0x2004, 0x3FFC, 0x2030, 0x27E0, 0x2080, 0x21F8, 0x2F80, 0x209E, 0x27F0, 0x6882, 0x4082, 0x40FE, 0x0000}},
    {0x5C40, 16, {0x0000, 0x3FF8, 0x3008, 0x3008, 0x3FF8, 0x3000, 0x3000, 0x3FFE, 0x2006, 0x27E6, 0x2424, 0x2424, 0x6424, 0x47E4, 0x4404, 0x003C}},
    {0x5C45, 16, {0x0000, 0x3FFC, 0x3004, 0x3004, 0x3FFC, 0x3040, 0x3040, 0x3FFE, 0x2040, 0x2040, 0x27FC, 0x2404, 0x2404, 0x6404, 0x47FC, 0x0404}},
    {0x5C4B, 16, {0x0000, 0x3FFC, 0x2004, 0x2004, 0x3FFC, 0x2000, 0x3FFE, 0x2310, 0x2618, 0x2FC4, 0x20C0, 0x2FFC, 0x60C0, 0x40C0, 0x5FFE, 0x0000}},
    {0x5C4F, 16, {0x0000, 0x3FFC, 0x2004, 0x2004, 0x3FFC, 0x2208, 0x2210, 0x2FFE, 0x2110, 0x2110, 0x2110, 0x2FFE, 0x2210, 0x6610, 0x4C10, 0x4810}},
    {0x5C55, 16, {0x0000, 0x3FFC, 0x2004, 0x2004, 0x3FFC, 0x2010, 0x2310, 0x2FFE, 0x2210, 0x2310, 0x3FFE, 0x2444, 0x2438, 0x6430, 0x47CC, 0x4402}},
    {0x5C6F, 16, {0x0100, 0x0100, 0x0180, 0x7FFC, 0x0100, 0x2100, 0x210C, 0x210C, 0x210C, 0x218C, 0x3FFC, 0x0100, 0x0102, 0x0182, 0x00FE, 0x0000}},
    {0x5C71, 16, {0x0000, 0x0180, 0x0180, 0x0180, 0x2184, 0x2184, 0x2184, 0x2184, 0x2184, 0x2184, 0x2184, 0x2184, 0x2184, 0x3FFC, 0x0004, 0x0004}},
    {0x5CA9, 16, {0x0180, 0x2184, 0x2184, 0x3FFC, 0x0000, 0x0000, 0x7FFE, 0x0400, 0x0C00, 0x0800, 0x1FFC, 0x3804, 0x6804, 0x0804, 0x0FFC, 0x0804}},
    {0x5CB8, 16, {0x0000, 0x2184, 0x2184, 0x3FFC, 0x0000, 0x0000, 0x3FFE, 0x2000, 0x2FFC, 0x2040, 0x2040, 0x2FFE, 0x6040, 0x4040, 0x4040, 0x0040}},
    {0x5CEF, 16, {0x2184, 0x2184, 0x3FFC, 0x0200, 0x07F0, 0x1C30, 0x63C0, 0x07F0, 0x790E, 0x1FF8, 0x0100, 0x1FF8, 0x0100, 0x7FFE, 0x0100, 0x0100}},
    {0x5CF0, 16, {0x0000, 0x1040, 0x10FC, 0x55CC, 0x5578, 0x5430, 0x54CC, 0x5722, 0x55FC, 0x5420, 0x5420, 0x55FC, 0x5420, 0x7DFE, 0x0020, 0x0020}},
    {0x5CF6, 16, {0x0100, 0x0100, 0x1FF8, 0x1008, 0x1FF8, 0x1008, 0x1FF8, 0x1000, 0x1FFE, 0x1000, 0x1FFC, 0x0004, 0x2444, 0x2444, 0x3FC4, 0x001C}},
    {0x5CFB, 16, {0x1020, 0x1048, 0x1084, 0x55FE, 0x545A, 0x5450, 0x5498, 0x558E, 0x5440, 0x54FC, 0x558C, 0x5748, 0x7C70, 0x0478, 0x038E, 0x0202}},
    {0x5D07, 16, {0x0180, 0x2184, 0x2184, 0x3FFC, 0x0100, 0x7FFE, 0x4006, 0x4006, 0x0FF0, 0x0000, 0x7FFE, 0x0180, 0x1990, 0x3188, 0x6184, 0x0700}},
    {0x5D17, 16, {0x0180, 0x2184, 0x2184, 0x3FFC, 0x0000, 0x3FFC, 0x2424, 0x2224, 0x2FF4, 0x2184, 0x2594, 0x2594, 0x27F4, 0x2004, 0x2004, 0x201C}},
    {0x5DBA, 16, {0x2184, 0x2184, 0x3FFC, 0x0000, 0x08FE, 0x1C10, 0x36FC, 0x6286, 0x7CFE, 0x0086, 0x7EFE, 0x0686, 0x04FE, 0x1800, 0x0CC6, 0x0102}},
    {0x5DBC, 16, {0x1000, 0x11AE, 0x1136, 0x5522, 0x5532, 0x559E, 0x5532, 0x55B2, 0x555E, 0x5532, 0x5502, 0x57FE, 0x7C00, 0x048C, 0x0306, 0x0200}},
    {0x5DD2, 16, {0x0100, 0x23C8, 0x6812, 0x73DC, 0x280A, 0x7BDE, 0x0000, 0x0BC2, 0x5A52, 0x53E0, 0x0000, 0x2184, 0x2184, 0x2184, 0x3FFC, 0x0004}},
    {0x5DDD, 16, {0x0000, 0x0000, 0x1004, 0x1084, 0x1084, 0x1084, 0x1084, 0x1084, 0x3084, 0x3084, 0x3084, 0x2084, 0x2084, 0x6084, 0x4004, 0x4004}},
    {0x5DDE, 16, {0x0000, 0x0804, 0x08C4, 0x08C4, 0x08C4, 0x4AE4, 0x6AF4, 0x2AD4, 0x3BD4, 0x18C4, 0x18C4, 0x10C4, 0x30C4, 0x20C4, 0x6004, 0x0000}},
    {0x5DE5, 16, {0x0000, 0x0000, 0x3FFC, 0x0180, 0x0180, 0x0180, 0x0180, 0x0180, 0x0180, 0x0180, 0x0180, 0x0180, 0x0180, 0x7FFE, 0x0000, 0x0000}},
    {0x5DE7, 16, {0x0000, 0x01FE, 0x0040, 0x7C40, 0x10C0, 0x10C0, 0x1080, 0x10FE, 0x1002, 0x1002, 0x1E06, 0x7C06, 0x0004, 0x0004, 0x007C, 0x0000}},
    {0x5DF2, 16, {0x0000, 0x7FF8, 0x0008, 0x0008, 0x3008, 0x3008, 0x3008, 0x3FF8, 0x3008, 0x3000, 0x3000, 0x3002, 0x3002, 0x3006, 0x1FFC, 0x0000}},
    {0x5DF4, 16, {0x0000, 0x3FFC, 0x218C, 0x2104, 0x2104, 0x2104, 0x2104, 0x3FFC, 0x200C, 0x2000, 0x2000, 0x2002, 0x2002, 0x3006, 0x1FFC, 0x0000}},
    {0x5DFF, 16, {0x0100, 0x0180, 0x0180, 0x7FFE, 0x0180, 0x0180, 0x3FFC, 0x318C, 0x318C, 0x318C, 0x318C, 0x318C, 0x31B8, 0x0180, 0x0180, 0x0100}},
    {0x5E02, 16, {0x0100, 0x0100, 0x0180, 0x7FFE, 0x0180, 0x0180, 0x3FFC, 0x318C, 0x3184, 0x3184, 0x3184, 0x3184, 0x318C, 0x31B8, 0x0180, 0x0100}},
    {0x5E03, 16, {0x0200, 0x0200, 0x0200, 0x7FFE, 0x0400, 0x0880, 0x1880, 0x1FFC, 0x3884, 0x4884, 0x0884, 0x0884, 0x0884, 0x089C, 0x0080, 0x0080}},
    {0x5E0C, 16, {0x0008, 0x1C30, 0x03E0, 0x0FF0, 0x3B18, 0x0200, 0x7FFE, 0x0480, 0x0880, 0x1FFC, 0x3884, 0x4884, 0x0884, 0x0884, 0x0898, 0x0080}},
    {0x5E1D, 16, {0x0100, 0x0180, 0x3FFC, 0x0810, 0x0C30, 0x0420, 0x7FFE, 0x4002, 0x4182, 0x1FF8, 0x1188, 0x1188, 0x1188, 0x11B8, 0x0180, 0x0000}},
    {0x5E2B, 16, {0x1000, 0x11FE, 0x1030, 0x7C30, 0x44FC, 0x45B6, 0x7D32, 0x4132, 0x4132, 0x7D32, 0x4532, 0x4532, 0x453E, 0x7C30, 0x4030, 0x0000}},
    {0x5E38, 16, {0x0000, 0x1998, 0x0990, 0x7FFE, 0x6002, 0x6FF2, 0x0810, 0x0810, 0x0FF0, 0x0080, 0x3FFC, 0x308C, 0x3084, 0x308C, 0x30B8, 0x0080}},
    {0x5E3D, 16, {0x1000, 0x11FE, 0x1102, 0x7D7E, 0x5502, 0x557E, 0x5400, 0x5400, 0x54FC, 0x5484, 0x54FC, 0x5C84, 0x10FC, 0x1084, 0x10FC, 0x1000}},
    {0x5E55, 16, {0x0420, 0x7FFE, 0x0420, 0x1FF8, 0x1008, 0x1FF8, 0x1008, 0x1FF8, 0x0200, 0x7FFE, 0x1910, 0x7FFE, 0x518A, 0x1188, 0x11B8, 0x0000}},
    {0x5E72, 16, {0x0000, 0x0000, 0x3FFC, 0x0180, 0x0180, 0x0180, 0x0180, 0x7FFE, 0x0180, 0x0180, 0x0180, 0x0180, 0x0180, 0x0180, 0x0180, 0x0100}},
    {0x5E73, 16, {0x0000, 0x3FFC, 0x0180, 0x1188, 0x1188, 0x0990, 0x0990, 0x0990, 0x0180, 0x7FFE, 0x0180, 0x0180, 0x0180, 0x0180, 0x0180, 0x0100}},
    {0x5E74, 16, {0x0800, 0x0800, 0x1FFE, 0x10C0, 0x2080, 0x6080, 0x1FFC, 0x18C0, 0x1880, 0x1880, 0x18C0, 0x7FFE, 0x0080, 0x0080, 0x0080, 0x0080}},
    {0x5E79, 16, {0x0810, 0x0830, 0x7F38, 0x0868, 0x08C4, 0x7F86, 0x4302, 0x7EFC, 0x4210, 0x7E10, 0x08FE, 0x0810, 0x7F10, 0x0810, 0x0810, 0x0810}},
    {0x5E7C, 16, {0x0820, 0x0820, 0x1020, 0x1020, 0x30FE, 0x2226, 0x6622, 0x7C22, 0x0C26, 0x0A26, 0x1266, 0x3346, 0x7F46, 0x7184, 0x019C, 0x0000}},
    {0x5E87, 16, {0x0080, 0x0080, 0x3FFE, 0x2000, 0x2420, 0x2420, 0x2420, 0x2420, 0x27BC, 0x2420, 0x2420, 0x6420, 0x4422, 0x45A2, 0x4E3E, 0x0000}},
    {0x5E8F, 16, {0x0080, 0x0080, 0x3FFE, 0x2000, 0x2000, 0x27F8, 0x2010, 0x23E0, 0x20E0, 0x2FFE, 0x2044, 0x204C, 0x6040, 0x4040, 0x4040, 0x4380}},
    {0x5E95, 16, {0x0080, 0x0080, 0x3FFE, 0x2000, 0x201C, 0x27E0, 0x2420, 0x2420, 0x27FE, 0x2420, 0x2420, 0x2490, 0x6792, 0x441A, 0x41EE, 0x0000}},
    {0x5E97, 16, {0x0080, 0x0080, 0x3FFE, 0x2000, 0x2080, 0x2080, 0x20FE, 0x2080, 0x2080, 0x2080, 0x27FC, 0x2404, 0x6404, 0x4404, 0x47FC, 0x4404}},
    {0x5E9C, 16, {0x0080, 0x0080, 0x3FFE, 0x2000, 0x2208, 0x2608, 0x25FE, 0x2C08, 0x2C08, 0x24C8, 0x2448, 0x2468, 0x6408, 0x6408, 0x4408, 0x4438}},
    {0x5EA6, 16, {0x0080, 0x0080, 0x3FFE, 0x2000, 0x2210, 0x3FFE, 0x2210, 0x2210, 0x23F0, 0x2000, 0x2FFC, 0x2208, 0x6330, 0x41E0, 0x4FBC, 0x4806}},
    {0x5EA7, 16, {0x0080, 0x00C0, 0x3FFE, 0x2000, 0x2048, 0x2448, 0x2458, 0x265C, 0x29F6, 0x3862, 0x20C0, 0x6FFC, 0x4040, 0x4040, 0x5FFE, 0x0000}},
    {0x5EAB, 16, {0x0080, 0x0080, 0x3FFE, 0x2040, 0x2FFE, 0x2040, 0x27FC, 0x2444, 0x27FC, 0x2444, 0x2444, 0x27FC, 0x6040, 0x5FFE, 0x4040, 0x4040}},
    {0x5EAD, 16, {0x0080, 0x0080, 0x3FFE, 0x2000, 0x2F3C, 0x2250, 0x2410, 0x2410, 0x2F7E, 0x2310, 0x2A10, 0x2A10, 0x66FE, 0x4E00, 0x59FE, 0x0000}},
    {0x5EB5, 16, {0x0080, 0x0080, 0x3FFE, 0x2000, 0x2100, 0x2FFE, 0x2218, 0x2648, 0x2FFC, 0x3C4A, 0x27F8, 0x2448, 0x47F8, 0x4442, 0x4042, 0x407E}},
    {0x5EB6, 16, {0x0080, 0x00C0, 0x3FFE, 0x2000, 0x2218, 0x2218, 0x2FFE, 0x2218, 0x2218, 0x2218, 0x23F8, 0x2000, 0x2524, 0x4924, 0x4932, 0x0000}},
    {0x5EB7, 16, {0x0080, 0x0080, 0x3FFE, 0x2080, 0x2FFC, 0x2084, 0x3FFE, 0x2084, 0x2084, 0x2FFC, 0x2884, 0x2698, 0x6280, 0x46B8, 0x5886, 0x4380}},
    {0x5EC8, 16, {0x0080, 0x0080, 0x3FFE, 0x2000, 0x2FFE, 0x27F8, 0x2404, 0x27FC, 0x27FC, 0x2404, 0x27FC, 0x23F8, 0x4E18, 0x41E0, 0x43F0, 0x5E0E}},
    {0x5EDF, 16, {0x0000, 0x0180, 0x3FFE, 0x2200, 0x2FBE, 0x2222, 0x2FA2, 0x28BE, 0x2FA2, 0x28A2, 0x2FBE, 0x6222, 0x5FE2, 0x4242, 0x4242, 0x420C}},
    {0x5EE0, 16, {0x0080, 0x0080, 0x3FFE, 0x2200, 0x2290, 0x2A90, 0x223E, 0x3FE4, 0x3074, 0x3754, 0x351C, 0x7508, 0x5708, 0x501C, 0x5076, 0x11E2}},
    {0x5EE3, 16, {0x0080, 0x3FFE, 0x2210, 0x2FFE, 0x2210, 0x23F0, 0x2000, 0x2FFE, 0x2040, 0x27FC, 0x2444, 0x27FC, 0x6444, 0x47FC, 0x4718, 0x1806}},
    {0x5EF6, 16, {0x0000, 0x783E, 0x19F0, 0x1020, 0x1120, 0x2130, 0x793E, 0x0920, 0x4920, 0x4920, 0x3920, 0x33FE, 0x1800, 0x2E00, 0x63FE, 0x0000}},
    {0x5EFA, 16, {0x0000, 0x7840, 0x0BFC, 0x1044, 0x17FE, 0x2044, 0x7BFC, 0x0840, 0x0840, 0x4BFC, 0x3840, 0x37FE, 0x1040, 0x2C00, 0x43FE, 0x0000}},
    {0x5F0F, 16, {0x0040, 0x004C, 0x0044, 0x7FFE, 0x0060, 0x0060, 0x0060, 0x7F20, 0x0C20, 0x0C20, 0x0C20, 0x0C30, 0x0C92, 0x0F92, 0x7C1A, 0x000E}},
    {0x5F35, 16, {0x0000, 0x7DFE, 0x0D00, 0x0DFC, 0x0D00, 0x7D00, 0x41FC, 0x4100, 0x43FE, 0x7D20, 0x0924, 0x091C, 0x0918, 0x090C, 0x09C6, 0x3902}},
    {0x5F37, 16, {0x0040, 0x7C40, 0x0488, 0x058C, 0x05FE, 0x7C22, 0x4020, 0x41FE, 0x4126, 0x7D26, 0x05FE, 0x0420, 0x0424, 0x0C26, 0x0BFE, 0x3802}},
    {0x5F3C, 16, {0x0000, 0x7FFE, 0x0982, 0x0902, 0x0902, 0x7BDE, 0x4250, 0x4250, 0x4250, 0x7BDE, 0x0A42, 0x0A42, 0x0A42, 0x0BC2, 0x1A42, 0x701C}},
    {0x5F62, 16, {0x0000, 0x7F8C, 0x1318, 0x1330, 0x1320, 0x1302, 0x1304, 0x7F88, 0x1330, 0x1320, 0x3302, 0x2306, 0x230C, 0x2318, 0x4370, 0x4140}},
    {0x5F69, 16, {0x0000, 0x0F84, 0x7C0C, 0x0898, 0x25A0, 0x2500, 0x0404, 0x0408, 0x7FB0, 0x0E20, 0x1F02, 0x1506, 0x248C, 0x4418, 0x0470, 0x0440}},
    {0x5F6D, 16, {0x0000, 0x0404, 0x7F88, 0x0430, 0x7F80, 0x0006, 0x0004, 0x3F88, 0x2098, 0x20A0, 0x3F80, 0x1102, 0x1204, 0x1398, 0x7F70, 0x4040}},
    {0x5F71, 16, {0x3F84, 0x208C, 0x3F98, 0x20B0, 0x3F80, 0x0406, 0x7F8C, 0x0018, 0x3FB0, 0x20A0, 0x2082, 0x3F86, 0x250C, 0x2518, 0x44F0, 0x1C00}},
    {0x5F7C, 16, {0x0020, 0x1020, 0x3020, 0x63FE, 0x4A26, 0x1A24, 0x1220, 0x33FC, 0x7384, 0x1288, 0x12C8, 0x1270, 0x1630, 0x1478, 0x158E, 0x1102}},
    {0x5F80, 16, {0x0040, 0x1860, 0x3020, 0x6020, 0x4FFE, 0x0820, 0x1020, 0x3020, 0x7020, 0x53FC, 0x1020, 0x1020, 0x1020, 0x1020, 0x17FE, 0x1000}},
    {0x5F85, 16, {0x0820, 0x1020, 0x33FE, 0x6020, 0x0820, 0x1820, 0x17FE, 0x3008, 0x7008, 0x17FE, 0x1008, 0x1108, 0x1088, 0x1088, 0x1008, 0x1038}},
    {0x5F8C, 16, {0x0040, 0x10C0, 0x3188, 0x6310, 0x4BE0, 0x1088, 0x33FC, 0x72C2, 0x5080, 0x11FC, 0x1388, 0x1698, 0x1070, 0x10F0, 0x139C, 0x1606}},
    {0x5F91, 16, {0x0800, 0x13FE, 0x2000, 0x4124, 0x0B48, 0x1A48, 0x3248, 0x7164, 0x5126, 0x1000, 0x13FE, 0x1020, 0x1020, 0x1020, 0x17FE, 0x1000}},
    {0x5F97, 16, {0x0000, 0x19FC, 0x3104, 0x61F4, 0x4104, 0x09FC, 0x1800, 0x3000, 0x73FE, 0x5008, 0x17FE, 0x1008, 0x1108, 0x1088, 0x1008, 0x1038}},
    {0x5FA1, 16, {0x1200, 0x3600, 0x67DE, 0x4D12, 0x1112, 0x1112, 0x27D2, 0x6112, 0xE512, 0x25D2, 0x2512, 0x2512, 0x2516, 0x27D0, 0x2410, 0x0010}},
    {0x5FAA, 16, {0x1000, 0x33F8, 0x2200, 0x4230, 0x1BFE, 0x1230, 0x3230, 0x72FC, 0x7284, 0x12FC, 0x1284, 0x1284, 0x16FC, 0x1484, 0x14FC, 0x0084}},
    {0x5FAE, 16, {0x1100, 0x2110, 0x6150, 0x595E, 0x1152, 0x27F4, 0x2034, 0x6FD4, 0x6014, 0x248C, 0x2488, 0x2488, 0x24DC, 0x2C94, 0x2822, 0x2000}},
    {0x5FB7, 16, {0x0020, 0x1820, 0x37FE, 0x6040, 0x4BFE, 0x1A12, 0x1212, 0x33FE, 0x7000, 0x57FE, 0x1040, 0x1020, 0x13A4, 0x1582, 0x158A, 0x10F8}},
    {0x5FC3, 16, {0x0000, 0x0200, 0x0180, 0x00C0, 0x0040, 0x0400, 0x240C, 0x2404, 0x2404, 0x2406, 0x6402, 0x4412, 0x4410, 0x0410, 0x07F0, 0x0000}},
    {0x5FC5, 16, {0x0000, 0x0600, 0x0188, 0x00D8, 0x0410, 0x0430, 0x2468, 0x244C, 0x2484, 0x6586, 0x4702, 0x4602, 0x1C18, 0x3418, 0x4610, 0x07F0}},
    {0x5FCC, 16, {0x0000, 0x3FF8, 0x0008, 0x0008, 0x1FF8, 0x1000, 0x1004, 0x1004, 0x1FFC, 0x0000, 0x0188, 0x2884, 0x2854, 0x4C16, 0x47F0, 0x0000}},
    {0x5FD7, 16, {0x0100, 0x0180, 0x0180, 0x7FFE, 0x0180, 0x0180, 0x0180, 0x3FFC, 0x0000, 0x0300, 0x00C0, 0x2C4C, 0x2C04, 0x6C16, 0x4C12, 0x07F0}},
    {0x5FE0, 16, {0x0180, 0x0180, 0x3FFC, 0x2184, 0x2184, 0x2184, 0x2184, 0x3FFC, 0x0180, 0x0100, 0x0588, 0x24CC, 0x2416, 0x4412, 0x07F0, 0x0000}},
    {0x5FEB, 16, {0x1040, 0x1040, 0x1060, 0x1BFC, 0x5C44, 0x5444, 0x5044, 0x5044, 0x17FE, 0x1040, 0x1050, 0x1088, 0x108C, 0x1104, 0x1606, 0x1402}},
    {0x5FF5, 16, {0x0180, 0x0380, 0x0660, 0x0C30, 0x37EE, 0x4002, 0x1FF0, 0x0010, 0x0020, 0x0360, 0x2D88, 0x2C84, 0x2C14, 0x4C16, 0x47F0, 0x0000}},
    {0x601D, 16, {0x0000, 0x3FFC, 0x218C, 0x218C, 0x3FFC, 0x218C, 0x218C, 0x218C, 0x3FFC, 0x0000, 0x0188, 0x244C, 0x2414, 0x4412, 0x07E0, 0x0000}},
    {0x6021, 16, {0x1040, 0x1040, 0x10C0, 0x1888, 0x558C, 0x5504, 0x53FE, 0x5002, 0x1000, 0x11FC, 0x1104, 0x1104, 0x1104, 0x1104, 0x11FC, 0x1104}},
    {0x6025, 16, {0x0400, 0x0FE0, 0x1860, 0x3040, 0x7FF8, 0x4008, 0x0008, 0x7FFE, 0x0008, 0x3FF8, 0x0300, 0x0588, 0x340C, 0x2424, 0x6422, 0x47E0}},
    {0x6046, 16, {0x1000, 0x17FE, 0x1080, 0x1880, 0x5880, 0x55FC, 0x5184, 0x11CC, 0x1128, 0x1108, 0x13C8, 0x1268, 0x1008, 0x1008, 0x17FE, 0x1000}},
    {0x6052, 16, {0x1000, 0x13FE, 0x1000, 0x1800, 0x55FC, 0x5504, 0x5104, 0x5104, 0x11FC, 0x1104, 0x1104, 0x11FC, 0x1000, 0x1000, 0x13FE, 0x1000}},
    {0x6069, 16, {0x0000, 0x3FFC, 0x300C, 0x310C, 0x37EC, 0x318C, 0x324C, 0x342C, 0x3FFC, 0x0000, 0x0588, 0x248C, 0x2414, 0x6412, 0x07F0, 0x0000}},
    {0x606C, 16, {0x1004, 0x11FC, 0x1020, 0x1820, 0x5820, 0x57FE, 0x5020, 0x5020, 0x1020, 0x1020, 0x11FC, 0x1104, 0x1104, 0x1104, 0x11FC, 0x1104}},
    {0x6085, 16, {0x1000, 0x1098, 0x1188, 0x1904, 0x7F06, 0x57FC, 0x5504, 0x5104, 0x1104, 0x11FC, 0x1090, 0x1090, 0x1192, 0x1112, 0x161E, 0x0000}},
    {0x60A0, 16, {0x0840, 0x1840, 0x14FE, 0x348C, 0x7788, 0x5568, 0x1438, 0x1438, 0x1464, 0x1182, 0x0100, 0x0D88, 0x2CC4, 0x2C16, 0x6C12, 0x47F0}},
    {0x60E0, 16, {0x0100, 0x7FFE, 0x0180, 0x3FFC, 0x218C, 0x3FFC, 0x218C, 0x3FFC, 0x0190, 0x7FFC, 0x0106, 0x0180, 0x28CC, 0x2814, 0x4816, 0x47F0}},
    {0x6109, 16, {0x1020, 0x1070, 0x1098, 0x3B06, 0x5FFA, 0x5000, 0x5000, 0x53D4, 0x1254, 0x13D4, 0x1254, 0x13D4, 0x1254, 0x1244, 0x1244, 0x12CC}},
    {0x610F, 16, {0x0180, 0x3FFC, 0x0430, 0x0420, 0x7FFE, 0x0000, 0x1FF8, 0x1008, 0x1FF8, 0x1008, 0x1FF8, 0x0100, 0x1488, 0x2404, 0x6436, 0x07E0}},
    {0x611B, 16, {0x0018, 0x3FC0, 0x1908, 0x0910, 0x7FFE, 0x4102, 0x549A, 0x142C, 0x23E4, 0x0600, 0x0FF0, 0x1C30, 0x6260, 0x03C0, 0x3E7C, 0x6006}},
    {0x6148, 16, {0x0810, 0x0420, 0x7FFE, 0x0820, 0x1244, 0x2248, 0x7CF8, 0x0830, 0x3264, 0x7FFE, 0x0000, 0x258C, 0x2494, 0x4412, 0x07E0, 0x0000}},
    {0x614B, 16, {0x0840, 0x1040, 0x227C, 0x7F40, 0x0040, 0x3E7E, 0x2240, 0x227C, 0x3E40, 0x2240, 0x267E, 0x0100, 0x2C84, 0x2C94, 0x4C12, 0x47F0}},
    {0x614E, 16, {0x1020, 0x1020, 0x13FE, 0x1820, 0x59FC, 0x5504, 0x55FC, 0x5104, 0x11FC, 0x1104, 0x11FC, 0x1104, 0x17FE, 0x1088, 0x1306, 0x1402}},
    {0x6155, 16, {0x0420, 0x7FFE, 0x0420, 0x1FF8, 0x1008, 0x1FF8, 0x1008, 0x1FF8, 0x0600, 0x7FFE, 0x0810, 0x322C, 0x6A96, 0x0A58, 0x1248, 0x0200}},
    {0x6162, 16, {0x11FC, 0x1104, 0x11F4, 0x1904, 0x59FC, 0x5400, 0x53FE, 0x1212, 0x13FE, 0x1000, 0x13FC, 0x118C, 0x10D8, 0x1070, 0x13DE, 0x1602}},
    {0x6167, 16, {0x0810, 0x7EFE, 0x0810, 0x3E7C, 0x7EFE, 0x0810, 0x3FF8, 0x0008, 0x7FFE, 0x0008, 0x3FF8, 0x0100, 0x0488, 0x2404, 0x6416, 0x47E2}},
    {0x6176, 16, {0x0080, 0x3FFE, 0x2220, 0x3FFC, 0x2224, 0x3FFC, 0x2000, 0x3FFE, 0x2A9A, 0x3BEC, 0x2300, 0x67F8, 0x7E30, 0x51E0, 0x43F0, 0x1C0E}},
    {0x61A9, 16, {0x0210, 0x7C10, 0x087E, 0x7F42, 0x087E, 0x0842, 0x3E7E, 0x2242, 0x2242, 0x3E7E, 0x0000, 0x0180, 0x348C, 0x2414, 0x6412, 0x07E0}},
    {0x61C9, 16, {0x0080, 0x0080, 0x3FFE, 0x2490, 0x25FE, 0x2D10, 0x3FFC, 0x3510, 0x25FC, 0x2510, 0x25FE, 0x60C0, 0x4928, 0x4904, 0x5912, 0x11F0}},
    {0x6210, 16, {0x0050, 0x0048, 0x0044, 0x3FFE, 0x2040, 0x2040, 0x2044, 0x3E4C, 0x2268, 0x2238, 0x2230, 0x2230, 0x2E72, 0x60D2, 0x419A, 0x410C}},
    {0x6216, 16, {0x0040, 0x004C, 0x0044, 0x7FFE, 0x0040, 0x0040, 0x3F44, 0x236C, 0x2368, 0x2328, 0x3F30, 0x0030, 0x0372, 0x7ED2, 0x619A, 0x010E}},
    {0x6232, 16, {0x0410, 0x0794, 0x0416, 0x7F92, 0x4490, 0x7EBE, 0x4410, 0x4012, 0x5F92, 0x4014, 0x5F9C, 0x5F98, 0x4018, 0x491A, 0x4BAE, 0x1F06}},
    {0x6234, 16, {0x0420, 0x0428, 0x3FAC, 0x0C24, 0x7FFE, 0x3FA0, 0x24A4, 0x3FA4, 0x24A4, 0x3FBC, 0x7F98, 0x1218, 0x7F90, 0x123A, 0x336A, 0x4046}},
    {0x6236, 16, {0x0010, 0x01F0, 0x1F00, 0x1000, 0x1000, 0x1FF8, 0x1008, 0x1008, 0x1008, 0x1FF8, 0x1008, 0x2000, 0x2000, 0x6000, 0x4000, 0x4000}},
    {0x623F, 16, {0x0000, 0x0180, 0x3FFC, 0x2004, 0x2004, 0x3FFC, 0x2080, 0x2040, 0x2FFE, 0x2100, 0x2100, 0x21FC, 0x220C, 0x6608, 0x4C08, 0x5878}},
    {0x6240, 16, {0x0000, 0x1E1E, 0x2070, 0x2040, 0x3E40, 0x2240, 0x227E, 0x224C, 0x3E48, 0x20C8, 0x60C8, 0x4088, 0x4088, 0x4188, 0x4108, 0x0008}},
    {0x624B, 16, {0x0008, 0x01F8, 0x3F80, 0x0180, 0x0180, 0x3FFC, 0x0180, 0x0180, 0x0180, 0x7FFE, 0x0180, 0x0180, 0x0180, 0x0180, 0x0180, 0x0F00}},
    {0x624D, 16, {0x0020, 0x0060, 0x0060, 0x0060, 0x7FFE, 0x00E0, 0x01E0, 0x0360, 0x0660, 0x0460, 0x1860, 0x3060, 0x6060, 0x0060, 0x01C0, 0x0000}},
    {0x6253, 16, {0x1000, 0x1000, 0x11FE, 0x1018, 0x7E18, 0x1018, 0x1018, 0x1018, 0x1E18, 0x7818, 0x5018, 0x1018, 0x1018, 0x1018, 0x1010, 0x70F0}},
    {0x6276, 16, {0x1020, 0x1020, 0x1020, 0x1020, 0x7DFE, 0x1020, 0x1020, 0x1020, 0x1FFE, 0x7070, 0x1070, 0x1050, 0x10C8, 0x118C, 0x1306, 0x7202}},
    {0x6279, 16, {0x1000, 0x1110, 0x1110, 0x1110, 0x7D10, 0x1110, 0x11DE, 0x1110, 0x1D10, 0x7910, 0x1110, 0x1110, 0x1112, 0x1172, 0x119E, 0x7000}},
    {0x627E, 16, {0x1040, 0x1058, 0x1048, 0x1044, 0x7C46, 0x13FE, 0x1040, 0x1044, 0x1C6C, 0x7868, 0x5030, 0x1030, 0x1072, 0x10DA, 0x138E, 0x7000}},
    {0x627F, 16, {0x0000, 0x1FF8, 0x0030, 0x0060, 0x0086, 0x798C, 0x0FF8, 0x0890, 0x1FE8, 0x1188, 0x108C, 0x27F4, 0x6186, 0x4082, 0x0180, 0x0700}},
    {0x6280, 16, {0x1020, 0x1020, 0x1020, 0x13FE, 0x7C20, 0x1020, 0x1020, 0x13FC, 0x1D04, 0x798C, 0x1088, 0x1050, 0x1070, 0x10F0, 0x138C, 0x7606}},
    {0x62B5, 16, {0x1000, 0x103C, 0x11F0, 0x1110, 0x7D10, 0x1110, 0x11FE, 0x1110, 0x3910, 0x7110, 0x1110, 0x1108, 0x13CA, 0x120A, 0x10F6, 0x7000}},
    {0x62BC, 16, {0x1000, 0x13FE, 0x1322, 0x1322, 0x7F22, 0x13FE, 0x1322, 0x1322, 0x1F22, 0x7BFE, 0x5322, 0x1020, 0x1020, 0x1020, 0x1020, 0x7020}},
    {0x62C5, 16, {0x1000, 0x11FC, 0x1104, 0x1104, 0x7D04, 0x1104, 0x11FC, 0x1104, 0x1D04, 0x7904, 0x5104, 0x11FC, 0x1000, 0x1000, 0x13FE, 0x7000}},
    {0x62D4, 16, {0x1080, 0x1088, 0x1084, 0x1080, 0x7FFE, 0x1080, 0x10C0, 0x10C4, 0x1CCC, 0x70E8, 0x11A8, 0x1138, 0x1110, 0x1238, 0x1666, 0x7482}},
    {0x62F1, 16, {0x1088, 0x1088, 0x1088, 0x1088, 0x7FFE, 0x1088, 0x1088, 0x1088, 0x3888, 0x73FE, 0x1000, 0x1000, 0x1188, 0x1104, 0x1206, 0x6402}},
    {0x62FF, 16, {0x0180, 0x03C0, 0x1C38, 0x7FFE, 0x4000, 0x1FF8, 0x1008, 0x1FF8, 0x3FF8, 0x0180, 0x3FFC, 0x0180, 0x7FFE, 0x0180, 0x0180, 0x0700}},
    {0x6307, 16, {0x1100, 0x1100, 0x11FE, 0x1100, 0x7D00, 0x1100, 0x10FE, 0x1000, 0x3DFE, 0x7106, 0x1106, 0x11FE, 0x1106, 0x1106, 0x11FE, 0x7100}},
    {0x6309, 16, {0x1020, 0x1020, 0x13FE, 0x1202, 0x7E02, 0x1040, 0x104C, 0x13FE, 0x1C88, 0x7988, 0x7198, 0x10D0, 0x1070, 0x1078, 0x11CE, 0x7202}},
    {0x632F, 16, {0x1000, 0x13FE, 0x1300, 0x1300, 0x7BFC, 0x1300, 0x1300, 0x13FE, 0x1E50, 0x7256, 0x124C, 0x1248, 0x1248, 0x1244, 0x1676, 0x74C0}},
    {0x6383, 16, {0x1000, 0x11FC, 0x1004, 0x73FE, 0x1004, 0x11FC, 0x1000, 0x17FE, 0x3E22, 0x7222, 0x11FC, 0x1124, 0x1124, 0x1124, 0x112C, 0x6020}},
    {0x6392, 16, {0x1090, 0x1090, 0x1090, 0x139E, 0x7C90, 0x1090, 0x1090, 0x139E, 0x3890, 0x7090, 0x139E, 0x1490, 0x1190, 0x1110, 0x1310, 0x6210}},
    {0x63A5, 16, {0x1020, 0x1020, 0x13FE, 0x1000, 0x7C88, 0x1088, 0x13FE, 0x1040, 0x3844, 0x73FE, 0x1088, 0x1188, 0x10F0, 0x1078, 0x11CE, 0x6200}},
    {0x63CF, 16, {0x1088, 0x1088, 0x13DE, 0x1088, 0x7C88, 0x1000, 0x13FE, 0x1322, 0x1F22, 0x7322, 0x13FE, 0x1322, 0x1322, 0x1322, 0x13FE, 0x7002}},
    {0x63D0, 16, {0x0000, 0x11FC, 0x1104, 0x7DFC, 0x1104, 0x11FC, 0x1000, 0x1000, 0x1FFE, 0x7820, 0x7120, 0x113C, 0x1320, 0x16E0, 0x147E, 0x6000}},
    {0x63DA, 16, {0x1000, 0x11FC, 0x1104, 0x7DFC, 0x1104, 0x11FC, 0x1000, 0x13FE, 0x3C80, 0x7980, 0x51FE, 0x1252, 0x1092, 0x1126, 0x1264, 0x705C}},
    {0x63F4, 16, {0x1004, 0x13F8, 0x1044, 0x112C, 0x7D08, 0x13FE, 0x1080, 0x13FE, 0x1080, 0x39FC, 0x718C, 0x11C8, 0x1378, 0x1230, 0x167C, 0x6586}},
    {0x6469, 16, {0x0080, 0x0080, 0x3FFE, 0x2010, 0x2FFC, 0x2638, 0x2B54, 0x2210, 0x2FF0, 0x23C0, 0x2FFC, 0x6040, 0x5FFE, 0x4040, 0x4040, 0x0380}},
    {0x6492, 16, {0x2210, 0x2290, 0x27D0, 0x329E, 0x7A96, 0x27F4, 0x2034, 0x27F4, 0x3C54, 0x77DC, 0x244C, 0x2448, 0x27C8, 0x245C, 0x2476, 0x64E2}},
    {0x64AD, 16, {0x100C, 0x13F0, 0x1124, 0x112C, 0x7C28, 0x17FE, 0x10F8, 0x11A4, 0x3F22, 0x77FE, 0x1224, 0x1224, 0x13FC, 0x1224, 0x13FC, 0x6200}},
    {0x64C7, 16, {0x1000, 0x13FE, 0x1252, 0x7BFE, 0x1020, 0x13FC, 0x1020, 0x1020, 0x3FFE, 0x7088, 0x13FE, 0x1020, 0x17FE, 0x1020, 0x1020, 0x6020}},
    {0x64E0, 16, {0x0040, 0x1060, 0x17FE, 0x1090, 0x7FEC, 0x32A0, 0x10A2, 0x153E, 0x1840, 0x3B04, 0x73FC, 0x1304, 0x13FC, 0x1204, 0x3604, 0x6404}},
    {0x652F, 16, {0x0100, 0x0180, 0x0180, 0x7FFE, 0x0180, 0x0180, 0x0180, 0x3FF8, 0x0818, 0x0C10, 0x0420, 0x0340, 0x01C0, 0x07E0, 0x7C3E, 0x4002}},
    {0x6536, 16, {0x0040, 0x0440, 0x0440, 0x2440, 0x24FE, 0x2484, 0x25C4, 0x2748, 0x2548, 0x2428, 0x2C30, 0x7C30, 0x4438, 0x044C, 0x0586, 0x0502}},
    {0x6538, 16, {0x0040, 0x1840, 0x14C0, 0x14C0, 0x34FE, 0x3584, 0x758C, 0xF7C8, 0x3648, 0x3458, 0x3430, 0x3430, 0x3478, 0x30CC, 0x3386, 0x0202}},
    {0x653E, 16, {0x0020, 0x0860, 0x0840, 0x7F7E, 0x1044, 0x10C4, 0x1EC4, 0x13AC, 0x1228, 0x3238, 0x3210, 0x2210, 0x2238, 0x226C, 0x46C6, 0x4D82}},
    {0x653F, 16, {0x0000, 0x0020, 0x7F60, 0x0840, 0x087E, 0x08C4, 0x6FC4, 0x696C, 0x6828, 0x6838, 0x6830, 0x6F10, 0x7E38, 0x606C, 0x01C6, 0x0002}},
    {0x6545, 16, {0x0840, 0x0840, 0x0840, 0x087E, 0x7FC4, 0x08C4, 0x09C4, 0x094C, 0x7E68, 0x4228, 0x4230, 0x4230, 0x6238, 0x7E4C, 0x4186, 0x0102}},
    {0x6548, 16, {0x0020, 0x0820, 0x0820, 0x7F3E, 0x0044, 0x2244, 0x23C4, 0x45E4, 0x3428, 0x1C38, 0x0C18, 0x0C10, 0x1238, 0x226C, 0x40C6, 0x0002}},
    {0x6551, 16, {0x0820, 0x0920, 0x0820, 0x7FA0, 0x087E, 0x0964, 0x2964, 0x2AE4, 0x2AA4, 0x0C18, 0x1E18, 0x6B18, 0x4938, 0x0864, 0x09C6, 0x3802}},
    {0x6557, 16, {0x0000, 0x7E60, 0x6240, 0x627E, 0x7EC4, 0x62C4, 0x63CC, 0x7F48, 0x6228, 0x6238, 0x7E30, 0x0030, 0x2478, 0x22CC, 0x4386, 0x4002}},
    {0x6559, 16, {0x0020, 0x1920, 0x7F20, 0x1A7E, 0x1E6E, 0x7FE4, 0x18E4, 0x3FAC, 0x6628, 0x0C38, 0x0918, 0x7F18, 0x0838, 0x086C, 0x08C6, 0x3882}},
    {0x6563, 16, {0x0220, 0x1220, 0x7F20, 0x327E, 0x1244, 0x7FE4, 0x00E4, 0x00E4, 0x3FAC, 0x2338, 0x3F18, 0x2318, 0x3F38, 0x236C, 0x23C6, 0x2682}},
    {0x6566, 16, {0x0820, 0x0820, 0x7FA0, 0x0060, 0x3F7E, 0x2144, 0x3FE4, 0x00AC, 0x7F28, 0x0238, 0x0418, 0x0F10, 0x7E38, 0x086C, 0x08C6, 0x3882}},
    {0x656C, 16, {0x1020, 0x1620, 0x77A0, 0x167E, 0x2044, 0x3FC4, 0x61CC, 0x4128, 0x7D28, 0x2538, 0x2518, 0x3D10, 0x2538, 0x216C, 0x07C6, 0x0082}},
    {0x6574, 16, {0x0820, 0x7F20, 0x087E, 0x3F64, 0x49AC, 0x7F18, 0x1C18, 0x2B6C, 0x48C6, 0x0000, 0x3FFC, 0x0180, 0x19F8, 0x1980, 0x7FFE, 0x0000}},
    {0x6578, 16, {0x0000, 0x3F30, 0x2920, 0x7FA0, 0x293E, 0x3F64, 0x0864, 0x7FE4, 0x49AC, 0x3F18, 0x1018, 0x7F98, 0x2218, 0x3E2C, 0x1FC6, 0x4082}},
    {0x6587, 16, {0x0100, 0x0180, 0x0080, 0x7FFE, 0x1818, 0x0810, 0x0C30, 0x0420, 0x0660, 0x03C0, 0x0180, 0x03C0, 0x0660, 0x1C38, 0x700E, 0x4002}},
    {0x6591, 16, {0x0100, 0x013E, 0x7908, 0x3008, 0x37C8, 0x3088, 0x3288, 0x7BBE, 0x3188, 0x3108, 0x3188, 0x3388, 0x3AC8, 0x6608, 0x047E, 0x0000}},
    {0x6599, 16, {0x1008, 0x5208, 0x5248, 0x5428, 0x3408, 0x1808, 0x7E88, 0x1848, 0x3808, 0x3C0C, 0x367E, 0x51E8, 0x5008, 0x1008, 0x1008, 0x1008}},
    {0x65A7, 16, {0x0020, 0x0C30, 0x1C3C, 0x2264, 0x01C0, 0x0F70, 0x781E, 0x00F8, 0x0F80, 0x0800, 0x1FFE, 0x1820, 0x1020, 0x1020, 0x2020, 0x0020}},
    {0x65AC, 16, {0x0800, 0x081C, 0x7F60, 0x0840, 0x7E40, 0x4A40, 0x4A7E, 0x7E48, 0x4A48, 0x7E48, 0x08C8, 0x0888, 0x7F88, 0x0888, 0x0908, 0x0908}},
    {0x65AF, 16, {0x2202, 0x220C, 0x2260, 0x7F40, 0x2240, 0x3E40, 0x227E, 0x2244, 0x3E44, 0x2244, 0x2244, 0x7FC4, 0x0044, 0x3284, 0x6384, 0x0104}},
    {0x65B0, 16, {0x0800, 0x081E, 0x7F60, 0x2240, 0x3240, 0x1440, 0x7F7E, 0x084C, 0x084C, 0x7F4C, 0x1C4C, 0x1E4C, 0x2B4C, 0x488C, 0x088C, 0x0800}},
    {0x65B9, 16, {0x0100, 0x0080, 0x0080, 0x7FFE, 0x0600, 0x0600, 0x0600, 0x07F8, 0x0408, 0x0408, 0x0C08, 0x0808, 0x0808, 0x1008, 0x3018, 0x60F0}},
    {0x65C5, 16, {0x1040, 0x1840, 0x08C0, 0x7EFE, 0x3184, 0x1178, 0x1E90, 0x3696, 0x369C, 0x2498, 0x2488, 0x2488, 0x248C, 0x64B4, 0x44E6, 0x5C82}},
    {0x65CB, 16, {0x1040, 0x10C0, 0x08FE, 0x7F80, 0x3100, 0x31FE, 0x3C12, 0x3414, 0x2494, 0x2490, 0x249E, 0x2490, 0x2490, 0x6570, 0x473E, 0x5C00}},
    {0x65E5, 16, {0x0000, 0x1FF8, 0x1008, 0x1008, 0x1008, 0x1008, 0x1008, 0x1FF8, 0x1008, 0x1008, 0x1008, 0x1008, 0x1008, 0x1FF8, 0x1008, 0x0000}},
    {0x65E9, 16, {0x0000, 0x3FF8, 0x3008, 0x3008, 0x3FF8, 0x3008, 0x3008, 0x3FF8, 0x0180, 0x0180, 0x0180, 0x7FFE, 0x0180, 0x0180, 0x0180, 0x0100}},
    {0x65ED, 16, {0x1000, 0x1000, 0x10FC, 0x1084, 0x7E84, 0x1284, 0x12FC, 0x12C4, 0x1284, 0x3284, 0x22C4, 0x22FC, 0x2202, 0x6202, 0x43FE, 0x0000}},
    {0x65FA, 16, {0x0000, 0x03FE, 0x7C20, 0x4420, 0x4420, 0x4420, 0x7C20, 0x45FE, 0x4420, 0x4420, 0x4420, 0x7C20, 0x4020, 0x4020, 0x03FE, 0x0000}},
    {0x6602, 16, {0x0000, 0x1FFC, 0x100C, 0x1FFC, 0x100C, 0x100C, 0x1FFC, 0x0200, 0x3EFC, 0x2084, 0x2084, 0x2084, 0x3E84, 0x709C, 0x0080, 0x0080}},
    {0x6607, 16, {0x0000, 0x3FF8, 0x3008, 0x3FF8, 0x3008, 0x3008, 0x3FF8, 0x0110, 0x3C10, 0x0410, 0x7FFE, 0x0410, 0x0C10, 0x1810, 0x3010, 0x2010}},
    {0x660C, 16, {0x0000, 0x1FF8, 0x1008, 0x1FF8, 0x1008, 0x1008, 0x1FF8, 0x0000, 0x3FFC, 0x2004, 0x2004, 0x3FF4, 0x2004, 0x2004, 0x3FFC, 0x2004}},
    {0x660E, 16, {0x0000, 0x7EFE, 0x4682, 0x4682, 0x4682, 0x46FE, 0x7E82, 0x4682, 0x4682, 0x46FE, 0x7E82, 0x4182, 0x4102, 0x0302, 0x0202, 0x061C}},
    {0x6613, 16, {0x0000, 0x1FF8, 0x1008, 0x1008, 0x1FF8, 0x1008, 0x1FF8, 0x0C00, 0x0800, 0x1FFC, 0x3224, 0x6644, 0x0444, 0x0884, 0x318C, 0x0138}},
    {0x661F, 16, {0x0000, 0x1FF8, 0x1008, 0x1FF8, 0x1008, 0x1008, 0x1FF8, 0x1800, 0x1180, 0x3FFC, 0x6180, 0x1FF8, 0x0180, 0x0180, 0x7FFE, 0x0000}},
    {0x6620, 16, {0x0020, 0x0020, 0x7820, 0x49FC, 0x4924, 0x4924, 0x7924, 0x4924, 0x4FFE, 0x4820, 0x4820, 0x4858, 0x78C8, 0x4084, 0x0306, 0x0002}},
    {0x662F, 16, {0x0000, 0x1FF8, 0x1008, 0x1FF8, 0x1008, 0x1008, 0x1FF8, 0x0000, 0x7FFE, 0x0080, 0x1880, 0x18FC, 0x1880, 0x2780, 0x63FE, 0x0000}},
    {0x6642, 16, {0x0020, 0x7C20, 0x45FE, 0x4420, 0x4420, 0x4420, 0x7FFE, 0x4408, 0x4408, 0x47FE, 0x4408, 0x7C88, 0x40C8, 0x4048, 0x0008, 0x0038}},
    {0x6649, 16, {0x0000, 0x3FFC, 0x0820, 0x1020, 0x1248, 0x3EFC, 0x0000, 0x7FFE, 0x0000, 0x1FF8, 0x1008, 0x1008, 0x1FF8, 0x1008, 0x1FF8, 0x1008}},
    {0x664F, 16, {0x0000, 0x3FFC, 0x300C, 0x3FFC, 0x300C, 0x3FFC, 0x0180, 0x7FFE, 0x4202, 0x0210, 0x7FFE, 0x0C20, 0x1C60, 0x03C0, 0x0778, 0x780C}},
    {0x6668, 16, {0x0000, 0x1FFC, 0x100C, 0x1FFC, 0x100C, 0x1FF8, 0x0000, 0x3FFE, 0x3FFC, 0x2000, 0x3FFE, 0x24C4, 0x2478, 0x64B8, 0x4F8E, 0x4000}},
    {0x666E, 16, {0x0810, 0x0C30, 0x3FFC, 0x0248, 0x1248, 0x1248, 0x0250, 0x7FFE, 0x0000, 0x1FF8, 0x1008, 0x1FF8, 0x1008, 0x1008, 0x1FF8, 0x1008}},
    {0x666F, 16, {0x0000, 0x1FF8, 0x1008, 0x1FF8, 0x1008, 0x1FF8, 0x0100, 0x7FFE, 0x0000, 0x1FF8, 0x1008, 0x1FF8, 0x0180, 0x19B8, 0x718E, 0x0700}},
    {0x6674, 16, {0x0020, 0x7820, 0x4BFE, 0x4820, 0x49FE, 0x4820, 0x7BFE, 0x4800, 0x49FC, 0x4904, 0x49FC, 0x7904, 0x41FC, 0x0104, 0x0104, 0x010C}},
    {0x6676, 16, {0x0000, 0x0FF0, 0x0810, 0x0FF0, 0x0810, 0x0810, 0x0FF0, 0x0000, 0x7E7E, 0x6246, 0x6246, 0x7E7E, 0x6246, 0x6246, 0x7E7E, 0x0240}},
    {0x667A, 16, {0x0000, 0x2000, 0x3F7C, 0x4844, 0x7F44, 0x0844, 0x167C, 0x3300, 0x4000, 0x1FF8, 0x1008, 0x1FF8, 0x1008, 0x1008, 0x1FF8, 0x1008}},
    {0x6689, 16, {0x0000, 0x7BFE, 0x4A02, 0x4820, 0x4BFE, 0x4820, 0x79FC, 0x4924, 0x49FC, 0x4924, 0x49FC, 0x7820, 0x43FE, 0x0020, 0x0020, 0x0020}},
    {0x66A2, 16, {0x1000, 0x10FC, 0x1084, 0x7EFC, 0x5284, 0x52FC, 0x7E00, 0x5200, 0x53FE, 0x7E80, 0x51FE, 0x134A, 0x1292, 0x11B2, 0x1326, 0x104C}},
    {0x66AB, 16, {0x0800, 0x7F7C, 0x0840, 0x7F40, 0x7F7E, 0x4948, 0x3E48, 0x7FC8, 0x0888, 0x1FF8, 0x1008, 0x1008, 0x1FF8, 0x1008, 0x1FF8, 0x1008}},
    {0x66B4, 16, {0x0000, 0x1FF8, 0x1008, 0x1FF8, 0x1008, 0x1FF8, 0x0420, 0x3FFC, 0x0420, 0x7FFE, 0x0810, 0x399C, 0x45A2, 0x07E0, 0x1998, 0x0300}},
    {0x66C9, 16, {0x0020, 0x7820, 0x49FC, 0x4820, 0x4BFE, 0x4908, 0x7BDE, 0x4908, 0x49FE, 0x4800, 0x4FFE, 0x7890, 0x4090, 0x0190, 0x0312, 0x061E}},
    {0x66F2, 16, {0x0000, 0x0640, 0x0640, 0x0660, 0x3FFC, 0x2644, 0x2644, 0x2644, 0x2664, 0x3FFC, 0x2644, 0x2644, 0x2644, 0x2664, 0x3FFC, 0x2004}},
    {0x66F4, 16, {0x0000, 0x7FFE, 0x0180, 0x0180, 0x3FFC, 0x3184, 0x3FFC, 0x3184, 0x3184, 0x3FFC, 0x1100, 0x1900, 0x0F00, 0x0700, 0x1DE0, 0x603E}},
    {0x66F8, 16, {0x0100, 0x1FF8, 0x0188, 0x7FFE, 0x0188, 0x1FF8, 0x0180, 0x3FFC, 0x0180, 0x7FFE, 0x0000, 0x1008, 0x1FE8, 0x1008, 0x1FF8, 0x1008}},
    {0x66F9, 16, {0x0240, 0x7FFE, 0x0240, 0x0240, 0x3FFC, 0x2244, 0x3FFC, 0x2244, 0x3FFC, 0x0000, 0x1FF8, 0x1008, 0x1FE8, 0x1008, 0x1FF8, 0x1008}},
    {0x66FE, 16, {0x0810, 0x0420, 0x3FFC, 0x2184, 0x2D34, 0x2524, 0x2184, 0x3FFC, 0x0000, 0x1FF8, 0x1008, 0x1FE8, 0x1008, 0x1008, 0x1FF8, 0x1008}},
    {0x6700, 16, {0x1FF8, 0x1008, 0x17E8, 0x1008, 0x17E8, 0x1008, 0x0000, 0x7FFE, 0x2200, 0x3EFC, 0x2244, 0x3E6C, 0x2238, 0x3E38, 0x7B6E, 0x0382}},
    {0x6703, 16, {0x0180, 0x03C0, 0x0660, 0x1FFC, 0x7006, 0x3FF8, 0x3524, 0x3524, 0x3FFC, 0x0000, 0x0FF8, 0x1808, 0x1FE8, 0x1808, 0x1FF8, 0x0000}},
    {0x6708, 16, {0x0000, 0x1FF8, 0x1808, 0x1808, 0x1808, 0x1FF8, 0x1808, 0x1008, 0x1008, 0x1FF8, 0x1008, 0x1008, 0x2008, 0x2008, 0x6008, 0x4078}},
    {0x6709, 16, {0x0200, 0x0200, 0x7FFE, 0x0400, 0x0C00, 0x0C00, 0x1FF8, 0x1808, 0x3808, 0x6FF8, 0x0808, 0x0FF8, 0x0808, 0x0808, 0x0808, 0x0838}},
    {0x670D, 16, {0x0000, 0x3CFE, 0x2486, 0x2486, 0x249C, 0x3C80, 0x2480, 0x24FE, 0x24A2, 0x3CA4, 0x24B4, 0x6498, 0x4498, 0x449C, 0x44A6, 0x4CC2}},
    {0x6717, 16, {0x0800, 0x087E, 0x7F46, 0x6346, 0x6146, 0x7F7E, 0x6146, 0x6146, 0x7F46, 0x607E, 0x6446, 0x6646, 0x6646, 0x7FC6, 0x6086, 0x008C}},
    {0x671B, 16, {0x0020, 0x083E, 0xFF62, 0x20F6, 0x21CC, 0x2068, 0x2038, 0x3F60, 0x00C0, 0x3FF0, 0x0180, 0x0180, 0x3FFC, 0x0180, 0x7FFE, 0x0000}},
    {0x671D, 16, {0x0800, 0x087E, 0x7F46, 0x0842, 0x0842, 0x7F7E, 0x4146, 0x7F42, 0x4142, 0x7F7E, 0x0846, 0x0842, 0x7F82, 0x0882, 0x0986, 0x090C}},
    {0x671F, 16, {0x2200, 0x227E, 0x2242, 0x7F42, 0x2242, 0x3E7E, 0x2242, 0x2242, 0x3E42, 0x227E, 0x2242, 0x7F42, 0x0042, 0x3242, 0x6382, 0x408C}},
    {0x6728, 16, {0x0000, 0x0180, 0x0180, 0x0180, 0x0180, 0x7FFE, 0x0380, 0x03C0, 0x07E0, 0x0DB0, 0x0990, 0x118C, 0x6186, 0x4182, 0x0180, 0x0180}},
    {0x672A, 16, {0x0100, 0x0180, 0x0180, 0x3FFC, 0x0180, 0x0180, 0x0180, 0x7FFE, 0x03C0, 0x03C0, 0x05A0, 0x0990, 0x1998, 0x6186, 0x4182, 0x0100}},
    {0x672C, 16, {0x0100, 0x0180, 0x0180, 0x0180, 0x7FFE, 0x03C0, 0x05A0, 0x05A0, 0x0990, 0x1998, 0x318C, 0x6FF6, 0x0180, 0x0180, 0x0180, 0x0000}},
    {0x674E, 16, {0x0000, 0x0180, 0x7FFE, 0x03C0, 0x0DB0, 0x718C, 0x4002, 0x0FF0, 0x0070, 0x00C0, 0x0180, 0x7FFE, 0x0180, 0x0180, 0x0180, 0x0700}},
    {0x674F, 16, {0x0000, 0x0180, 0x0180, 0x7FFE, 0x0380, 0x05E0, 0x0DB0, 0x198C, 0x6186, 0x4000, 0x1FF8, 0x1008, 0x1008, 0x1008, 0x1FF8, 0x1008}},
    {0x6751, 16, {0x0804, 0x0804, 0x0804, 0x080C, 0x7FFE, 0x1804, 0x1804, 0x1C84, 0x3C44, 0x2A64, 0x4824, 0x4804, 0x0804, 0x0804, 0x080C, 0x0838}},
    {0x675C, 16, {0x0020, 0x1820, 0x1820, 0x1820, 0x7E20, 0x1820, 0x19FE, 0x3C20, 0x3C20, 0x3820, 0x5820, 0x5820, 0x1820, 0x1820, 0x1BFE, 0x0000}},
    {0x676F, 16, {0x1000, 0x1000, 0x13FE, 0x1810, 0x7E30, 0x1820, 0x1878, 0x3CE4, 0x31A2, 0x3322, 0x5020, 0x5020, 0x1020, 0x1020, 0x1020, 0x1020}},
    {0x6771, 16, {0x0100, 0x0180, 0x7FFE, 0x0180, 0x3FFC, 0x3184, 0x3184, 0x3FFC, 0x3184, 0x3184, 0x3FFC, 0x03C0, 0x0DB0, 0x1998, 0x618E, 0x0100}},
    {0x677E, 16, {0x1000, 0x10C8, 0x1088, 0x1088, 0x7C84, 0x1106, 0x1922, 0x3C62, 0x3440, 0x3440, 0x50C8, 0x508C, 0x1084, 0x11BC, 0x11E6, 0x1000}},
    {0x677F, 16, {0x1000, 0x101E, 0x11F0, 0x1100, 0x7D00, 0x1100, 0x19FC, 0x3944, 0x3544, 0x314C, 0x5128, 0x5338, 0x1230, 0x1278, 0x16C6, 0x1402}},
    {0x6790, 16, {0x1000, 0x103C, 0x10E0, 0x1880, 0x7E80, 0x1880, 0x18FE, 0x3C88, 0x3C88, 0x3088, 0x5188, 0x5188, 0x1108, 0x1108, 0x1308, 0x1008}},
    {0x6797, 16, {0x0810, 0x0810, 0x0810, 0x0810, 0x7EFE, 0x1830, 0x1C38, 0x1E38, 0x3A7C, 0x2854, 0x4896, 0x4992, 0x0912, 0x0810, 0x0810, 0x0810}},
    {0x679C, 16, {0x0000, 0x1FFC, 0x118C, 0x118C, 0x1FFC, 0x118C, 0x118C, 0x1FFC, 0x0180, 0x7FFE, 0x03C0, 0x07A0, 0x0998, 0x318C, 0x6186, 0x0080}},
    {0x679D, 16, {0x1020, 0x1020, 0x1020, 0x11FE, 0x7C20, 0x1020, 0x3820, 0x3DFC, 0x3584, 0x508C, 0x50C8, 0x5070, 0x1070, 0x10F8, 0x138E, 0x1202}},
    {0x67B6, 16, {0x0000, 0x1800, 0x7F7E, 0x1146, 0x1346, 0x3346, 0x227E, 0x4E00, 0x0180, 0x7FFE, 0x03C0, 0x07E0, 0x0DB0, 0x399C, 0x6186, 0x0100}},
    {0x67CF, 16, {0x1020, 0x1020, 0x1060, 0x11FC, 0x7D04, 0x1104, 0x3904, 0x3D04, 0x35FC, 0x5104, 0x5104, 0x5104, 0x1104, 0x1104, 0x11FC, 0x1104}},
    {0x67D1, 16, {0x1004, 0x1184, 0x1184, 0x118C, 0x7FFE, 0x1184, 0x1984, 0x3984, 0x358C, 0x31FC, 0x5184, 0x5184, 0x1184, 0x118C, 0x11FC, 0x1104}},
    {0x67EF, 16, {0x1000, 0x13FE, 0x1004, 0x1004, 0x7C04, 0x11E4, 0x1924, 0x3D24, 0x3524, 0x5124, 0x51E4, 0x1104, 0x1004, 0x1004, 0x1004, 0x103C}},
    {0x67F1, 16, {0x1020, 0x1020, 0x1030, 0x1010, 0x7FFE, 0x1030, 0x1830, 0x3830, 0x3430, 0x31FE, 0x5030, 0x5030, 0x1030, 0x1030, 0x13FE, 0x1000}},
    {0x67F3, 16, {0x1000, 0x10C0, 0x131E, 0x1252, 0x7A52, 0x3252, 0x3252, 0x3A52, 0x3A52, 0x3252, 0x52D2, 0x5392, 0x109E, 0x1190, 0x1310, 0x1210}},
    {0x67F4, 16, {0x0840, 0x2C44, 0x2F78, 0x2C40, 0x2C42, 0x2D42, 0x7F7E, 0x4100, 0x0180, 0x7FFE, 0x03C0, 0x07E0, 0x0990, 0x318C, 0x6186, 0x0100}},
    {0x6821, 16, {0x1000, 0x1020, 0x1020, 0x13FE, 0x7C00, 0x1088, 0x3984, 0x3B06, 0x3488, 0x54D8, 0x5050, 0x5070, 0x1070, 0x10D8, 0x138E, 0x1202}},
    {0x6822, 16, {0x1000, 0x13FE, 0x1060, 0x7C40, 0x1040, 0x11FC, 0x3904, 0x3D04, 0x3504, 0x51FC, 0x5104, 0x5104, 0x1104, 0x1104, 0x11FC, 0x1104}},
    {0x6839, 16, {0x1000, 0x11FC, 0x1104, 0x1104, 0x7DFC, 0x1104, 0x1904, 0x3DFC, 0x3520, 0x5126, 0x513C, 0x5118, 0x1118, 0x112C, 0x11E6, 0x1100}},
    {0x683C, 16, {0x1040, 0x1040, 0x10FC, 0x118C, 0x7FC8, 0x1258, 0x1830, 0x3C70, 0x34CC, 0x3786, 0x51FC, 0x5104, 0x1104, 0x1104, 0x11FC, 0x1104}},
    {0x6842, 16, {0x1020, 0x1020, 0x1020, 0x11FC, 0x7C20, 0x1020, 0x3BFE, 0x3C00, 0x3420, 0x5020, 0x53FE, 0x1020, 0x1020, 0x1020, 0x17FE, 0x1000}},
    {0x6843, 16, {0x1010, 0x1050, 0x1050, 0x1252, 0x7B56, 0x11D4, 0x39D8, 0x38D0, 0x34D8, 0x7194, 0x5292, 0x1090, 0x1190, 0x1112, 0x161E, 0x0000}},
    {0x6848, 16, {0x0100, 0x0180, 0x7FFE, 0x4202, 0x7FFE, 0x0C20, 0x1C60, 0x07C0, 0x07F0, 0x7C1C, 0x0180, 0x7FFE, 0x03C0, 0x0DB0, 0x318C, 0x4102}},
    {0x6849, 16, {0x1020, 0x1020, 0x13FE, 0x1202, 0x7E62, 0x1040, 0x304C, 0x3BFE, 0x3488, 0x5188, 0x5198, 0x50F0, 0x1070, 0x10FC, 0x1386, 0x1202}},
    {0x6850, 16, {0x1000, 0x11FE, 0x1102, 0x1102, 0x7D7A, 0x1102, 0x3902, 0x397A, 0x354A, 0x554A, 0x514A, 0x517A, 0x1142, 0x1102, 0x1102, 0x110C}},
    {0x6881, 16, {0x2000, 0x1FF8, 0x0048, 0x6688, 0x018C, 0x118A, 0x3310, 0x2670, 0x0180, 0x0180, 0x7FFE, 0x03C0, 0x05E0, 0x1998, 0x718E, 0x0080}},
    {0x6885, 16, {0x1080, 0x1180, 0x11FE, 0x1100, 0x7A00, 0x13FC, 0x3104, 0x3924, 0x3914, 0x77FE, 0x5144, 0x5104, 0x13FE, 0x1004, 0x100C, 0x1018}},
    {0x6893, 16, {0x1020, 0x1020, 0x13FE, 0x1088, 0x7C88, 0x1088, 0x3898, 0x3BFE, 0x3420, 0x5020, 0x5020, 0x53FE, 0x1020, 0x1020, 0x1020, 0x1020}},
    {0x689D, 16, {0x0040, 0x1840, 0x10FE, 0x158C, 0x3758, 0x3430, 0x74F8, 0x7786, 0x3420, 0x35FE, 0x3470, 0x3478, 0x34A4, 0x3322, 0x3220, 0x0020}},
    {0x68A7, 16, {0x1000, 0x11FE, 0x1040, 0x1040, 0x7DFC, 0x1044, 0x10C4, 0x38C4, 0x3FFE, 0x3400, 0x51FC, 0x5104, 0x1104, 0x1104, 0x11FC, 0x1104}},
    {0x68A8, 16, {0x0204, 0x7C24, 0x0824, 0x7F24, 0x1C24, 0x1E24, 0x2B24, 0x6804, 0x081C, 0x0180, 0x7FFE, 0x03C0, 0x0DB0, 0x1998, 0x7186, 0x0100}},
    {0x68AF, 16, {0x1004, 0x108C, 0x1088, 0x1BFE, 0x7C22, 0x1022, 0x39FE, 0x3D20, 0x3520, 0x53FE, 0x5062, 0x10E2, 0x11A2, 0x132E, 0x1220, 0x1020}},
    {0x68C9, 16, {0x1020, 0x1020, 0x11FE, 0x1106, 0x7DFE, 0x1106, 0x1906, 0x39FE, 0x3420, 0x31FE, 0x5122, 0x5122, 0x1122, 0x112E, 0x1020, 0x1020}},
    {0x68CB, 16, {0x1080, 0x1084, 0x108C, 0x13FE, 0x7C84, 0x10FC, 0x3884, 0x3884, 0x34FC, 0x5084, 0x508C, 0x53FE, 0x1000, 0x108C, 0x1106, 0x1202}},
    {0x68DF, 16, {0x1020, 0x1020, 0x13FE, 0x1020, 0x7C20, 0x11FE, 0x1122, 0x39FE, 0x3D22, 0x35FE, 0x5070, 0x50E8, 0x11A4, 0x1326, 0x1222, 0x1020}},
    {0x68E0, 16, {0x0188, 0x1198, 0x0990, 0x7FFE, 0x4002, 0x4FF2, 0x0810, 0x0810, 0x0FF0, 0x0180, 0x7FFE, 0x03C0, 0x0DB0, 0x399C, 0x6186, 0x0100}},
    {0x68E3, 16, {0x1020, 0x1020, 0x13FC, 0x1024, 0x7C24, 0x13FE, 0x1824, 0x3BFC, 0x3420, 0x7324, 0x51A8, 0x5020, 0x11B8, 0x132C, 0x1622, 0x10C0}},
    {0x690D, 16, {0x1020, 0x1020, 0x13FE, 0x1020, 0x7C20, 0x11FC, 0x3904, 0x39FC, 0x3504, 0x51FC, 0x5104, 0x5104, 0x11FC, 0x1104, 0x17FF, 0x1000}},
    {0x6930, 16, {0x1000, 0x17FE, 0x1252, 0x1252, 0x7E50, 0x13D4, 0x3254, 0x3A54, 0x3BD2, 0x5652, 0x5252, 0x5252, 0x17D6, 0x1050, 0x1050, 0x1050}},
    {0x694A, 16, {0x1000, 0x11FC, 0x1104, 0x7DFC, 0x1104, 0x11FC, 0x3800, 0x3BFE, 0x3C80, 0x3580, 0x51FE, 0x5252, 0x1092, 0x11B2, 0x1326, 0x104C}},
    {0x6953, 16, {0x1000, 0x13FC, 0x1204, 0x12F4, 0x7E04, 0x1204, 0x32F4, 0x3A04, 0x3A04, 0x3604, 0x52F4, 0x5204, 0x1204, 0x147D, 0x15EE, 0x1402}},
    {0x696D, 16, {0x0240, 0x1248, 0x1A48, 0x7FFE, 0x0430, 0x0420, 0x3FFC, 0x0180, 0x1FFC, 0x0180, 0x0180, 0x7FFE, 0x07E0, 0x0DB0, 0x718E, 0x0100}},
    {0x6979, 16, {0x1000, 0x13F0, 0x1190, 0x111E, 0x7D02, 0x11F2, 0x3912, 0x3A66, 0x368C, 0x5000, 0x53FC, 0x5254, 0x1254, 0x1254, 0x17FE, 0x1000}},
    {0x6994, 16, {0x1100, 0x111E, 0x13D2, 0x1252, 0x7E54, 0x33D4, 0x3254, 0x3A54, 0x3FD2, 0x7212, 0x5292, 0x5292, 0x12D2, 0x17DE, 0x1650, 0x1010}},
    {0x6995, 16, {0x1020, 0x1020, 0x13FE, 0x1202, 0x7E8A, 0x108C, 0x3926, 0x3870, 0x34C8, 0x5186, 0x53FE, 0x5184, 0x1104, 0x1104, 0x11FC, 0x1004}},
    {0x69AE, 16, {0x0810, 0x4A92, 0x2A54, 0x1830, 0x366C, 0x62C6, 0x7FFE, 0x4002, 0x4182, 0x0180, 0x3FFC, 0x03C0, 0x05A0, 0x1998, 0x6186, 0x0100}},
    {0x69D0, 16, {0x1080, 0x1080, 0x13FE, 0x1222, 0x7E22, 0x13FE, 0x3222, 0x3A22, 0x37FE, 0x50A0, 0x50A0, 0x50AA, 0x10BE, 0x1120, 0x1321, 0x161E}},
    {0x6A02, 16, {0x1000, 0x1108, 0x2BC8, 0x2A56, 0x727C, 0x13C8, 0x2A5A, 0x7FDE, 0x0000, 0x0180, 0x7FFE, 0x03C0, 0x05B0, 0x399C, 0x6186, 0x0000}},
    {0x6A13, 16, {0x1020, 0x11FC, 0x1324, 0x13FE, 0x7B24, 0x31FC, 0x3BFE, 0x3A22, 0x73FE, 0x5020, 0x5088, 0x17FE, 0x1108, 0x11F0, 0x10FC, 0x1602}},
    {0x6A1E, 16, {0x1000, 0x17FE, 0x1200, 0x127C, 0x7A44, 0x3244, 0x327C, 0x3A00, 0x3AEE, 0x5222, 0x5222, 0x1222, 0x12EE, 0x1200, 0x11FE, 0x1000}},
    {0x6A1F, 16, {0x1000, 0x1020, 0x13FE, 0x1088, 0x77FE, 0x3000, 0x39FC, 0x3904, 0x39FC, 0x5104, 0x51FC, 0x1020, 0x17FE, 0x1020, 0x1020, 0x1020}},
    {0x6A21, 16, {0x1088, 0x1088, 0x13DE, 0x1088, 0x71FC, 0x1304, 0x3BFC, 0x3B04, 0x3704, 0x51FC, 0x5020, 0x57FE, 0x1050, 0x10D8, 0x1386, 0x1202}},
    {0x6A39, 16, {0x1004, 0x1184, 0x17E4, 0x1184, 0x7FFE, 0x1004, 0x33C4, 0x3A54, 0x3A54, 0x73CC, 0x500C, 0x5244, 0x1244, 0x10C4, 0x17E4, 0x140C}},
    {0x6A4B, 16, {0x1000, 0x11FC, 0x1040, 0x13FE, 0x7C88, 0x11FC, 0x338A, 0x38F8, 0x3800, 0x57FE, 0x5202, 0x52FA, 0x128A, 0x12FA, 0x1282, 0x120E}},
    {0x6A5F, 16, {0x0040, 0x3148, 0x3248, 0x32D4, 0x7F5C, 0x3348, 0x32BE, 0x37FA, 0x782C, 0x77FE, 0x7224, 0x333C, 0x3298, 0x3210, 0x347A, 0x3886}},
    {0x6A6B, 16, {0x1088, 0x1088, 0x13FE, 0x1088, 0x7CF8, 0x1000, 0x33FE, 0x3820, 0x3DFE, 0x3726, 0x51FE, 0x5126, 0x11FC, 0x1088, 0x1306, 0x1202}},
    {0x6A94, 16, {0x1020, 0x1124, 0x1128, 0x13FE, 0x7E02, 0x13FE, 0x3104, 0x3904, 0x3DFC, 0x5400, 0x53FE, 0x5222, 0x13FE, 0x1222, 0x13FE, 0x1202}},
    {0x6AA2, 16, {0x1020, 0x1060, 0x1098, 0x110C, 0x7BFA, 0x1000, 0x33DC, 0x3A54, 0x3A54, 0x53DC, 0x5000, 0x1108, 0x1118, 0x12DC, 0x1622, 0x1400}},
    {0x6AB3, 16, {0x1020, 0x13FE, 0x1202, 0x12FA, 0x7824, 0x1138, 0x3360, 0x3BFC, 0x3904, 0x71FC, 0x51FC, 0x5104, 0x11FC, 0x10C8, 0x1386, 0x1202}},
    {0x6AF8, 16, {0x1140, 0x1274, 0x1244, 0x137C, 0x7A54, 0x335C, 0x3224, 0x3FFE, 0x3908, 0x5224, 0x55FA, 0x1020, 0x1020, 0x17FE, 0x1020, 0x1020}},
    {0x6B04, 16, {0x0000, 0x27BE, 0x2422, 0x27BE, 0x7C22, 0x379E, 0x3402, 0x35FA, 0x3CF2, 0x650A, 0x656A, 0x64F2, 0x24E2, 0x25DA, 0x2442, 0x0404}},
    {0x6B16, 16, {0x1010, 0x13FE, 0x13E0, 0x105E, 0x7FDE, 0x1026, 0x33FE, 0x3800, 0x39FC, 0x55FC, 0x5104, 0x51FC, 0x11FC, 0x1090, 0x1192, 0x171E}},
    {0x6B21, 16, {0x0100, 0x0100, 0x6100, 0x1BFE, 0x0206, 0x0244, 0x0444, 0x0448, 0x0860, 0x1860, 0x30E0, 0x2090, 0x6198, 0x430C, 0x0E06, 0x0800}},
    {0x6B23, 16, {0x0000, 0x1E60, 0x3040, 0x207E, 0x20C2, 0x3F92, 0x2496, 0x2410, 0x2430, 0x2430, 0x2438, 0x6428, 0x444C, 0x44C4, 0x4482, 0x0000}},
    {0x6B3D, 16, {0x0840, 0x1840, 0x3C40, 0x267E, 0x6282, 0x7C82, 0x09B6, 0x0924, 0x7E20, 0x0830, 0x4A30, 0x2C70, 0x2C48, 0x1ECC, 0x7986, 0x0102}},
    {0x6B4C, 16, {0x0020, 0x7FA0, 0x0320, 0x3B7E, 0x2B42, 0x2B52, 0x3B92, 0x0310, 0x7F90, 0x0118, 0x7918, 0x4928, 0x492C, 0x7964, 0x01C2, 0x0680}},
    {0x6B50, 16, {0x0020, 0x7F20, 0x4020, 0x4E7E, 0x5142, 0x5152, 0x5F92, 0x4010, 0x5B10, 0x5418, 0x5418, 0x5438, 0x5B2C, 0x6064, 0x3FC6, 0x0002}},
    {0x6B61, 16, {0x1220, 0x73A0, 0x1220, 0x777E, 0x4442, 0x4452, 0x77D2, 0x2410, 0x3F10, 0x6418, 0x7F18, 0x2428, 0x3F24, 0x2464, 0x3FC2, 0x2002}},
    {0x6B63, 16, {0x0000, 0x0000, 0x7FFE, 0x0080, 0x0080, 0x0080, 0x1080, 0x10FC, 0x1080, 0x1080, 0x1080, 0x1080, 0x1080, 0x1080, 0x7FFE, 0x0000}},
    {0x6B64, 16, {0x0440, 0x0460, 0x0460, 0x0460, 0x2460, 0x246E, 0x2778, 0x2460, 0x2460, 0x2460, 0x2460, 0x2460, 0x2462, 0x27E2, 0x7C3E, 0x0000}},
    {0x6B65, 16, {0x0080, 0x0080, 0x18FC, 0x1880, 0x1880, 0x7FFE, 0x0180, 0x0988, 0x0988, 0x1198, 0x21B0, 0x00E0, 0x01C0, 0x0700, 0x7C00, 0x0000}},
    {0x6B77, 16, {0x0000, 0x3FFE, 0x2000, 0x2E78, 0x2210, 0x2FFE, 0x2638, 0x2F7C, 0x32D2, 0x2000, 0x2040, 0x247C, 0x6440, 0x4440, 0x5FFE, 0x0000}},
    {0x6BB5, 16, {0x0400, 0x1C78, 0x2048, 0x20C8, 0x3E88, 0x2088, 0x218E, 0x2000, 0x3FFC, 0x2084, 0x2048, 0x3E58, 0x7030, 0x2078, 0x21CE, 0x2102}},
    {0x6BCD, 16, {0x0000, 0x0FFC, 0x180C, 0x1908, 0x10C8, 0x1008, 0x7FFE, 0x1008, 0x1208, 0x3188, 0x30C8, 0x2008, 0x3FFE, 0x0018, 0x0010, 0x00F0}},
    {0x6BCF, 16, {0x0800, 0x0800, 0x1FFE, 0x1000, 0x2000, 0x7FF8, 0x1908, 0x1188, 0x1048, 0x7FFE, 0x1208, 0x1188, 0x1088, 0x3FFE, 0x0018, 0x0070}},
    {0x6BD3, 16, {0x0010, 0x2010, 0x3EFE, 0x4020, 0x7E44, 0x22DE, 0x2AF2, 0x2200, 0x7F54, 0x0254, 0x4A54, 0x4254, 0x7F94, 0x0694, 0x0494, 0x1C86}},
    {0x6BDB, 16, {0x0000, 0x00F8, 0x1F80, 0x7300, 0x0300, 0x03FC, 0x3F80, 0x0300, 0x0306, 0x03FE, 0x7F00, 0x0300, 0x0302, 0x0302, 0x01FE, 0x0000}},
    {0x6C11, 16, {0x0000, 0x3FF8, 0x2008, 0x2008, 0x2008, 0x3FF8, 0x2180, 0x2180, 0x2080, 0x3FFC, 0x2080, 0x20C0, 0x2040, 0x2262, 0x3E34, 0x701C}},
    {0x6C23, 16, {0x0800, 0x0800, 0x1FFE, 0x3000, 0x6FFC, 0x4000, 0x3FF8, 0x0018, 0x12C8, 0x1288, 0x7FE8, 0x0E08, 0x0B08, 0x12C8, 0x624E, 0x0206}},
    {0x6C34, 16, {0x0080, 0x0180, 0x0180, 0x0180, 0x018C, 0x7D88, 0x05D0, 0x05E0, 0x0DE0, 0x09B0, 0x1990, 0x1198, 0x218E, 0x6182, 0x0180, 0x0700}},
    {0x6C38, 16, {0x0400, 0x0780, 0x00E0, 0x0000, 0x1F80, 0x0184, 0x018C, 0x7DD8, 0x0DF0, 0x0DE0, 0x09A0, 0x1990, 0x3198, 0x618E, 0x4182, 0x0700}},
    {0x6C40, 16, {0x0000, 0x2000, 0x1BFE, 0x0010, 0x0010, 0x4010, 0x6010, 0x1010, 0x0010, 0x0010, 0x0810, 0x1810, 0x1010, 0x3010, 0x2010, 0x00F0}},
    {0x6C5D, 16, {0x0040, 0x30C0, 0x0880, 0x0084, 0x07FE, 0x618C, 0x3108, 0x0108, 0x0318, 0x0310, 0x19B0, 0x1060, 0x3070, 0x219C, 0x6706, 0x0000}},
    {0x6C5F, 16, {0x0000, 0x3000, 0x1BFC, 0x0060, 0x0060, 0x4060, 0x6060, 0x1060, 0x0060, 0x0060, 0x0860, 0x1860, 0x1060, 0x3060, 0x27FE, 0x0000}},
    {0x6C60, 16, {0x0020, 0x3020, 0x1B20, 0x0320, 0x033E, 0x4372, 0x63E2, 0x1722, 0x0326, 0x0326, 0x0B24, 0x1320, 0x1300, 0x2302, 0x2302, 0x01FE}},
    {0x6C61, 16, {0x2000, 0x33FC, 0x0800, 0x0000, 0x0000, 0x47FE, 0x3180, 0x0100, 0x0100, 0x09FC, 0x1804, 0x1004, 0x300C, 0x2008, 0x20F8, 0x0000}},
    {0x6C90, 16, {0x0000, 0x3060, 0x0860, 0x0060, 0x07FE, 0x60F0, 0x30F0, 0x00F0, 0x01F8, 0x0168, 0x1B6C, 0x1666, 0x3462, 0x2060, 0x6060, 0x0000}},
    {0x6C99, 16, {0x0020, 0x3020, 0x1820, 0x012C, 0x0324, 0x4226, 0x7222, 0x1422, 0x0424, 0x0064, 0x08C8, 0x1018, 0x1030, 0x2060, 0x63C0, 0x0200}},
    {0x6C9B, 16, {0x0020, 0x3060, 0x1060, 0x07FE, 0x0060, 0x4060, 0x33FE, 0x0266, 0x0266, 0x0266, 0x1266, 0x1266, 0x226C, 0x2060, 0x4060, 0x0020}},
    {0x6CB3, 16, {0x0000, 0x37FE, 0x1804, 0x0004, 0x0004, 0x43E4, 0x7224, 0x1224, 0x0224, 0x0224, 0x1BE4, 0x1204, 0x3004, 0x2004, 0x6004, 0x003C}},
    {0x6CB9, 16, {0x0020, 0x3020, 0x1820, 0x0020, 0x03FE, 0x4222, 0x7222, 0x1222, 0x0226, 0x03FE, 0x0222, 0x1222, 0x1222, 0x2226, 0x63FE, 0x0202}},
    {0x6CBB, 16, {0x0040, 0x30C0, 0x0880, 0x0198, 0x0108, 0x420C, 0x77FE, 0x1002, 0x0000, 0x03FC, 0x1A04, 0x1204, 0x3204, 0x2204, 0x63FC, 0x0204}},
    {0x6CBE, 16, {0x0040, 0x3040, 0x1840, 0x0040, 0x007E, 0x4040, 0x3040, 0x0040, 0x03FC, 0x0A04, 0x1A04, 0x1204, 0x3204, 0x2204, 0x63FC, 0x0204}},
    {0x6CC9, 16, {0x0100, 0x0100, 0x1FF8, 0x1008, 0x1FF8, 0x1008, 0x1008, 0x1FF8, 0x0184, 0x7D88, 0x05F0, 0x09E0, 0x19B0, 0x319C, 0x6186, 0x0700}},
    {0x6CD3, 16, {0x0000, 0x3790, 0x1090, 0x0090, 0x0090, 0x4790, 0x7410, 0x0430, 0x0424, 0x07A4, 0x10A4, 0x11A4, 0x21A2, 0x216E, 0x617E, 0x0702}},
    {0x6CD5, 16, {0x0020, 0x3020, 0x0820, 0x03FC, 0x0060, 0x6020, 0x3020, 0x07FE, 0x0040, 0x08C0, 0x1880, 0x1188, 0x310C, 0x23FC, 0x63C6, 0x0000}},
    {0x6CE2, 16, {0x0020, 0x3020, 0x1860, 0x03FE, 0x0222, 0x4224, 0x3220, 0x03FC, 0x038C, 0x0688, 0x16D8, 0x1470, 0x3430, 0x24F8, 0x698E, 0x0A02}},
    {0x6CE5, 16, {0x0000, 0x33FC, 0x0A04, 0x0204, 0x0204, 0x43FC, 0x7200, 0x12C0, 0x02C4, 0x02D8, 0x1AF0, 0x12C0, 0x32C0, 0x24C2, 0x64C2, 0x087E}},
    {0x6CF0, 16, {0x0000, 0x0100, 0x3FFC, 0x0100, 0x1FFC, 0x0200, 0x0600, 0x7FFE, 0x0C30, 0x1998, 0x3DBE, 0x45A2, 0x0180, 0x0DB0, 0x3198, 0x0700}},
    {0x6CF3, 16, {0x0000, 0x30E0, 0x1830, 0x0000, 0x03E0, 0x4060, 0x3066, 0x07EC, 0x0178, 0x0170, 0x1B68, 0x1268, 0x366C, 0x2466, 0x6862, 0x01C0}},
    {0x6D0B, 16, {0x0104, 0x3188, 0x1898, 0x03FE, 0x0020, 0x6020, 0x3020, 0x13FC, 0x0020, 0x0020, 0x1060, 0x17FE, 0x3020, 0x2020, 0x6020, 0x0020}},
    {0x6D17, 16, {0x0020, 0x3120, 0x1B20, 0x03FE, 0x0220, 0x6620, 0x3020, 0x07FE, 0x0090, 0x0090, 0x1190, 0x1110, 0x3110, 0x2313, 0x6612, 0x4C1E}},
    {0x6D1E, 16, {0x0000, 0x37FE, 0x1C02, 0x0402, 0x05FA, 0x4402, 0x6402, 0x14F2, 0x0492, 0x0492, 0x1C92, 0x14F2, 0x3482, 0x2402, 0x6406, 0x040C}},
    {0x6D25, 16, {0x0040, 0x3040, 0x1BFC, 0x0044, 0x0044, 0x47FE, 0x6044, 0x17FC, 0x0040, 0x0040, 0x17FC, 0x1040, 0x2FFE, 0x2040, 0x6040, 0x0040}},
    {0x6D2A, 16, {0x0008, 0x3188, 0x1988, 0x0188, 0x07FE, 0x4188, 0x3188, 0x1188, 0x0188, 0x07FE, 0x0800, 0x1000, 0x3108, 0x2304, 0x6606, 0x0002}},
    {0x6D32, 16, {0x0000, 0x2122, 0x3126, 0x0126, 0x0126, 0x4136, 0x65B6, 0x07AE, 0x076E, 0x0326, 0x1226, 0x3226, 0x2226, 0x2626, 0x4426, 0x0000}},
    {0x6D3B, 16, {0x0004, 0x31FC, 0x0B60, 0x0020, 0x0020, 0x47FE, 0x3020, 0x0020, 0x0020, 0x0BFC, 0x1A04, 0x1204, 0x3204, 0x2204, 0x63FC, 0x0204}},
    {0x6D41, 16, {0x0040, 0x3060, 0x17FE, 0x0080, 0x0188, 0x610C, 0x37FE, 0x1002, 0x0048, 0x0248, 0x0A48, 0x1248, 0x1248, 0x2248, 0x664A, 0x440E}},
    {0x6D59, 16, {0x0200, 0x321C, 0x1230, 0x0220, 0x0FA0, 0x4220, 0x723E, 0x0224, 0x03A4, 0x0E24, 0x1224, 0x3264, 0x2244, 0x6244, 0x4EC4, 0x0000}},
    {0x6D69, 16, {0x0020, 0x3120, 0x1B20, 0x03FE, 0x0620, 0x4420, 0x67FE, 0x1020, 0x0020, 0x0020, 0x0BFC, 0x1B04, 0x1304, 0x2304, 0x63FC, 0x0204}},
    {0x6D6A, 16, {0x0040, 0x2040, 0x1BFC, 0x0204, 0x0204, 0x43FC, 0x3204, 0x1204, 0x03FC, 0x0260, 0x1224, 0x1238, 0x2210, 0x22C8, 0x6786, 0x0600}},
    {0x6D6E, 16, {0x201C, 0x3FE0, 0x0044, 0x024C, 0x0168, 0x6108, 0x33FC, 0x0018, 0x0030, 0x0060, 0x1FFE, 0x1060, 0x3060, 0x2060, 0x6060, 0x01C0}},
    {0x6D77, 16, {0x0100, 0x3100, 0x0BFE, 0x0200, 0x0400, 0x05FC, 0x6344, 0x0224, 0x07FE, 0x1244, 0x1244, 0x3224, 0x23FE, 0x200C, 0x600C, 0x0038}},
    {0x6D78, 16, {0x0000, 0x33FC, 0x1804, 0x07FE, 0x0004, 0x63FC, 0x3000, 0x07FE, 0x0402, 0x17FE, 0x1108, 0x1090, 0x20F0, 0x20F0, 0x679E, 0x0402}},
    {0x6D88, 16, {0x0020, 0x3226, 0x1B24, 0x012C, 0x0020, 0x43FC, 0x3204, 0x0204, 0x03FC, 0x0204, 0x1A04, 0x13FC, 0x3204, 0x2204, 0x6204, 0x021C}},
    {0x6D8C, 16, {0x0000, 0x33FC, 0x1808, 0x00F0, 0x0030, 0x63FE, 0x3266, 0x0266, 0x03FE, 0x0266, 0x1266, 0x13FE, 0x3266, 0x2266, 0x6266, 0x022C}},
    {0x6DD8, 16, {0x0000, 0x3300, 0x1200, 0x07FE, 0x0502, 0x4902, 0x63F2, 0x0282, 0x07FA, 0x1082, 0x1296, 0x3296, 0x23F6, 0x2004, 0x6004, 0x003C}},
    {0x6DE8, 16, {0x0000, 0x207C, 0x17C0, 0x0044, 0x0248, 0x0200, 0x63FC, 0x1044, 0x07FE, 0x0044, 0x1044, 0x17FC, 0x2040, 0x2040, 0x6040, 0x41C0}},
    {0x6DF1, 16, {0x0000, 0x37FE, 0x1C02, 0x0492, 0x0090, 0x4110, 0x361E, 0x0040, 0x0060, 0x07FE, 0x10F0, 0x11F8, 0x234C, 0x2646, 0x4040, 0x0040}},
    {0x6E05, 16, {0x0040, 0x3040, 0x17FE, 0x0040, 0x03FC, 0x4040, 0x67FE, 0x1000, 0x03FC, 0x0204, 0x13FC, 0x1204, 0x23FC, 0x2204, 0x6204, 0x021C}},
    {0x6E20, 16, {0x0000, 0x3FFE, 0x0200, 0x63FC, 0x1204, 0x0BFC, 0x1A00, 0x37FE, 0x6000, 0x0180, 0x7FFE, 0x03C0, 0x07E0, 0x1998, 0x718E, 0x0100}},
    {0x6E21, 16, {0x0020, 0x3020, 0x1FFE, 0x0400, 0x0488, 0x47FE, 0x3488, 0x0488, 0x04F8, 0x0400, 0x15FC, 0x348C, 0x2458, 0x2C30, 0x48DC, 0x0902}},
    {0x6E23, 16, {0x0040, 0x3040, 0x17FE, 0x00F0, 0x0158, 0x6344, 0x3C42, 0x03F8, 0x0208, 0x0208, 0x13F8, 0x1208, 0x23F8, 0x2000, 0x47FE, 0x0000}},
    {0x6E2C, 16, {0x0002, 0x37C2, 0x1452, 0x0452, 0x07D2, 0x6452, 0x3452, 0x07D2, 0x0452, 0x0452, 0x1452, 0x37D2, 0x2082, 0x24C2, 0x6C42, 0x081C}},
    {0x6E2F, 16, {0x2118, 0x3118, 0x07FE, 0x0118, 0x0118, 0x6FFE, 0x3108, 0x0308, 0x03FC, 0x1F0E, 0x1D0A, 0x11F8, 0x2100, 0x2104, 0x6104, 0x01FC}},
    {0x6E38, 16, {0x0210, 0x3210, 0x1130, 0x0FFE, 0x0220, 0x0260, 0x623E, 0x0784, 0x0488, 0x0488, 0x14FE, 0x3488, 0x2488, 0x2C88, 0x4888, 0x5338}},
    {0x6E44, 16, {0x0000, 0x33FE, 0x1222, 0x0222, 0x03FE, 0x6200, 0x3200, 0x02FE, 0x0286, 0x12FE, 0x1686, 0x1486, 0x24FE, 0x2486, 0x6CFE, 0x0080}},
    {0x6E56, 16, {0x0000, 0x313E, 0x1122, 0x0322, 0x0FE2, 0x413E, 0x3122, 0x0122, 0x07A2, 0x04BE, 0x14A2, 0x34A2, 0x24A2, 0x27A2, 0x6422, 0x402E}},
    {0x6E6F, 16, {0x0000, 0x33FC, 0x1A04, 0x03FC, 0x0204, 0x63FC, 0x3000, 0x07FE, 0x0100, 0x0300, 0x13FE, 0x1492, 0x31B6, 0x2326, 0x6644, 0x005C}},
    {0x6E90, 16, {0x0000, 0x37FE, 0x1620, 0x0620, 0x06FE, 0x4686, 0x6686, 0x16FE, 0x0486, 0x04FE, 0x1430, 0x14B4, 0x25B6, 0x2D32, 0x6A32, 0x0860}},
    {0x6EAA, 16, {0x200C, 0x37E0, 0x0244, 0x022C, 0x0040, 0x6198, 0x33F0, 0x00CC, 0x03BC, 0x17E2, 0x1040, 0x37FE, 0x20E0, 0x6198, 0x4706, 0x0402}},
    {0x6EAB, 16, {0x0000, 0x33FC, 0x1A04, 0x0244, 0x0264, 0x4294, 0x6204, 0x13FC, 0x0000, 0x07FC, 0x1694, 0x1694, 0x2694, 0x2694, 0x4FFE, 0x0000}},
    {0x6ED8, 16, {0x0000, 0x27FE, 0x1482, 0x0490, 0x071E, 0x6000, 0x33FC, 0x0060, 0x0060, 0x07FE, 0x1000, 0x13FC, 0x2204, 0x2204, 0x43FC, 0x0204}},
    {0x6ED9, 16, {0x0000, 0x37FE, 0x1400, 0x0490, 0x0490, 0x45FE, 0x6590, 0x07FC, 0x0490, 0x04FC, 0x1490, 0x3490, 0x24FE, 0x2400, 0x67FE, 0x0000}},
    {0x6EFE, 16, {0x0000, 0x3040, 0x1FFE, 0x0000, 0x0318, 0x0604, 0x63FE, 0x0208, 0x03F8, 0x10E0, 0x1124, 0x3618, 0x2A18, 0x620C, 0x43C6, 0x0000}},
    {0x6EFF, 16, {0x0108, 0x3108, 0x1FFE, 0x0108, 0x01F8, 0x6040, 0x3040, 0x07FE, 0x0442, 0x0552, 0x154A, 0x35DA, 0x24FE, 0x2666, 0x6442, 0x044C}},
    {0x6F01, 16, {0x0080, 0x3180, 0x19F0, 0x0310, 0x0220, 0x07FC, 0x3624, 0x03FC, 0x0224, 0x0224, 0x13FC, 0x1000, 0x32A4, 0x2496, 0x6C92, 0x0000}},
    {0x6F14, 16, {0x0040, 0x3040, 0x17FE, 0x0402, 0x03FC, 0x4040, 0x6040, 0x07FC, 0x0644, 0x07FC, 0x1644, 0x1644, 0x23FC, 0x2110, 0x670C, 0x0402}},
    {0x6F22, 16, {0x2108, 0x37FE, 0x1108, 0x01F8, 0x0040, 0x43FC, 0x3244, 0x03FC, 0x0040, 0x07FC, 0x1040, 0x1040, 0x37FE, 0x20D0, 0x630C, 0x0402}},
    {0x6F54, 16, {0x0000, 0x2FBE, 0x1212, 0x0792, 0x0232, 0x4FA6, 0x224C, 0x2080, 0x0110, 0x07E0, 0x018C, 0x27FE, 0x2040, 0x6258, 0x4C44, 0x41C0}},
    {0x6F6D, 16, {0x0000, 0x37FE, 0x1090, 0x07FE, 0x0492, 0x67FE, 0x3000, 0x03FC, 0x0204, 0x03FC, 0x1204, 0x13FC, 0x3040, 0x2FFE, 0x6040, 0x0040}},
    {0x6F6E, 16, {0x0100, 0x211E, 0x1FD2, 0x0112, 0x0112, 0x47DE, 0x2452, 0x07D2, 0x0452, 0x07DE, 0x1132, 0x2122, 0x2FE2, 0x6122, 0x4162, 0x010E}},
    {0x6F84, 16, {0x0020, 0x37AC, 0x1098, 0x0692, 0x030C, 0x43FC, 0x3606, 0x03FE, 0x020C, 0x0204, 0x13FC, 0x1108, 0x2190, 0x2090, 0x67FE, 0x0000}},
    {0x6F97, 16, {0x0000, 0x37BE, 0x14A2, 0x07BE, 0x04A2, 0x44A2, 0x67BE, 0x0402, 0x05F2, 0x0512, 0x15F2, 0x3512, 0x25F2, 0x2502, 0x4402, 0x441C}},
    {0x6FA4, 16, {0x0000, 0x27FE, 0x1492, 0x0492, 0x07FE, 0x4040, 0x63FC, 0x0040, 0x0FFE, 0x0108, 0x17FE, 0x3040, 0x2040, 0x27FE, 0x6040, 0x0040}},
    {0x6FB3, 16, {0x0040, 0x2040, 0x17FE, 0x0416, 0x05E6, 0x44D6, 0x65FE, 0x1466, 0x04D6, 0x0506, 0x1040, 0x3FFE, 0x20D0, 0x2198, 0x4706, 0x0402}},
    {0x6FD5, 16, {0x0000, 0x37FC, 0x1404, 0x07FC, 0x0404, 0x47FC, 0x6210, 0x0294, 0x07BC, 0x0108, 0x1296, 0x167A, 0x2004, 0x24B4, 0x4492, 0x0002}},
    {0x6FDF, 16, {0x4040, 0x3FFE, 0x10A0, 0x00E4, 0x0F5C, 0x4554, 0x2556, 0x0BD0, 0x0200, 0x020C, 0x13FC, 0x220C, 0x27FC, 0x640C, 0x440C, 0x0800}},
    {0x6FE4, 16, {0x0040, 0x37FE, 0x1040, 0x03FC, 0x0000, 0x4006, 0x33FE, 0x0040, 0x03FC, 0x1FFE, 0x1000, 0x37FE, 0x2484, 0x24A4, 0x6784, 0x0018}},
    {0x6FF1, 16, {0x0000, 0x3060, 0x1FFE, 0x05FA, 0x0124, 0x6238, 0x30F0, 0x07FC, 0x0204, 0x03FC, 0x13FC, 0x1204, 0x23FC, 0x2090, 0x430C, 0x0402}},
    {0x7005, 16, {0x0108, 0x210A, 0x15AA, 0x0618, 0x031C, 0x44B6, 0x6822, 0x0FFE, 0x0C02, 0x03FC, 0x1040, 0x33FC, 0x2058, 0x6048, 0x4FFE, 0x0000}},
    {0x701B, 16, {0x0040, 0x6FFE, 0x3400, 0x07FC, 0x0000, 0x47FC, 0x27FC, 0x0000, 0x0E1C, 0x09E4, 0x2EB4, 0x2894, 0x2ECC, 0x686D, 0x48A5, 0x0202}},
    {0x701D, 16, {0x0000, 0x67FE, 0x1400, 0x05DC, 0x0488, 0x47FE, 0x658C, 0x05DE, 0x0688, 0x1420, 0x1520, 0x2D3E, 0x2920, 0x6920, 0x5FFE, 0x0000}},
    {0x7058, 16, {0x0498, 0x3FD4, 0x0494, 0x07BE, 0x0224, 0x4FE4, 0x2A64, 0x0FBE, 0x0224, 0x0FA4, 0x323E, 0x2FE4, 0x2324, 0x67A4, 0x4CBE, 0x0820}},
    {0x705D, 16, {0x0000, 0x2FFE, 0x1888, 0x0888, 0x0FBE, 0x0022, 0x6FFE, 0x0022, 0x0FA2, 0x08BE, 0x28A2, 0x2FBE, 0x2A80, 0x6A94, 0x5222, 0x0600}},
    {0x7063, 16, {0x0400, 0x6448, 0x3EFC, 0x04E4, 0x0E0A, 0x0CEA, 0x60E2, 0x0DB6, 0x00E0, 0x07FC, 0x13FC, 0x2400, 0x27FC, 0x2004, 0x4004, 0x0038}},
    {0x706B, 16, {0x0000, 0x0180, 0x0180, 0x0180, 0x2184, 0x3184, 0x110C, 0x1188, 0x1198, 0x0380, 0x0240, 0x0660, 0x0C30, 0x1818, 0x700E, 0x0000}},
    {0x7070, 16, {0x0400, 0x0C00, 0x7FFE, 0x0C00, 0x0840, 0x0840, 0x0A44, 0x1A48, 0x1248, 0x1268, 0x30E0, 0x20B0, 0x6190, 0x4308, 0x0606, 0x0000}},
    {0x7076, 16, {0x0020, 0x1820, 0x1820, 0x1A20, 0x5A20, 0x5C20, 0x5DFE, 0x5020, 0x1020, 0x1820, 0x1820, 0x1420, 0x2420, 0x2020, 0x43FE, 0x0000}},
    {0x70AD, 16, {0x0080, 0x2184, 0x2184, 0x3FFC, 0x0000, 0x0000, 0x3FFE, 0x2000, 0x20C0, 0x24CC, 0x26C8, 0x22C8, 0x21A0, 0x6330, 0x4E0E, 0x0802}},
    {0x70AE, 16, {0x1000, 0x10C0, 0x1080, 0x10FE, 0x5502, 0x57F2, 0x5312, 0x1112, 0x1112, 0x11F6, 0x1904, 0x391C, 0x2D00, 0x2502, 0x4182, 0x40FE}},
    {0x70B3, 16, {0x1000, 0x13FE, 0x1020, 0x1420, 0x5420, 0x55FE, 0x5122, 0x5122, 0x1132, 0x1172, 0x114A, 0x398E, 0x2D02, 0x2102, 0x4102, 0x410E}},
    {0x70C8, 16, {0x0004, 0x7FC4, 0x0844, 0x1844, 0x1F44, 0x2344, 0x7244, 0x0E44, 0x0444, 0x0804, 0x3004, 0x601C, 0x0000, 0x2244, 0x2266, 0x4222}},
    {0x70CF, 16, {0x0100, 0x0100, 0x1FF8, 0x1008, 0x1008, 0x1FF8, 0x1000, 0x1FFE, 0x1000, 0x1000, 0x1FFE, 0x0006, 0x2524, 0x2494, 0x6484, 0x401C}},
    {0x70E4, 16, {0x1040, 0x1042, 0x11FC, 0x544C, 0x5448, 0x5BFE, 0x5820, 0x5060, 0x11FE, 0x13C0, 0x1680, 0x38FC, 0x2804, 0x2004, 0x4004, 0x4078}},
    {0x7121, 16, {0x0800, 0x1000, 0x3FFE, 0x6000, 0x5248, 0x1248, 0x7FFE, 0x1248, 0x1248, 0x1248, 0x7FFE, 0x0000, 0x104C, 0x2244, 0x2266, 0x0200}},
    {0x715C, 16, {0x0000, 0x11FC, 0x1104, 0x1704, 0x55FC, 0x5504, 0x51FC, 0x1020, 0x1020, 0x13FE, 0x1080, 0x3888, 0x2488, 0x6008, 0x47FE, 0x0000}},
    {0x7164, 16, {0x1000, 0x1184, 0x13FE, 0x1584, 0x5584, 0x55FC, 0x5984, 0x51FC, 0x1020, 0x1020, 0x1BFE, 0x3870, 0x2CF8, 0x65AC, 0x4322, 0x4020}},
    {0x7167, 16, {0x0000, 0x7DFE, 0x6462, 0x6446, 0x64C4, 0x7D9C, 0x6400, 0x65FC, 0x6504, 0x6504, 0x7DFC, 0x2000, 0x304C, 0x2244, 0x6226, 0x4222}},
    {0x7199, 16, {0x0000, 0x7F7E, 0x4446, 0x4446, 0x5E46, 0x507E, 0x5040, 0x5E40, 0x4440, 0x6440, 0x7F7E, 0x0000, 0x364C, 0x2244, 0x6226, 0x4202}},
    {0x719F, 16, {0x0820, 0x7F20, 0x0020, 0x3EFC, 0x2224, 0x3E24, 0x00E4, 0x7E64, 0x0874, 0x7F44, 0x0886, 0x1902, 0x0000, 0x324C, 0x2264, 0x4202}},
    {0x71B1, 16, {0x0820, 0x3E20, 0x0820, 0x08FC, 0x7F24, 0x0024, 0x63E4, 0x0864, 0x7E74, 0x0844, 0x0FC6, 0x7D82, 0x0000, 0x324C, 0x2266, 0x4202}},
    {0x71B9, 16, {0x0100, 0x7FFE, 0x0180, 0x3FFC, 0x1FF8, 0x1008, 0x1FF8, 0x0420, 0x7FFE, 0x0000, 0x1FFC, 0x100C, 0x1FF8, 0x0000, 0x324C, 0x6266}},
    {0x71C3, 16, {0x0108, 0x110C, 0x11CA, 0x1248, 0x5B7E, 0x5ED8, 0x569C, 0x5194, 0x1194, 0x3122, 0x3242, 0x3800, 0x2A94, 0x6292, 0x4492, 0x0400}},
    {0x71D2, 16, {0x1020, 0x1020, 0x11FC, 0x1420, 0x57FE, 0x5888, 0x73DE, 0x1088, 0x11FE, 0x1000, 0x33FE, 0x2890, 0x2490, 0x6092, 0x4112, 0x061E}},
    {0x71D5, 16, {0x0400, 0x0420, 0x7FFE, 0x0420, 0x07E0, 0x0810, 0x7BD0, 0x0A5E, 0x0A50, 0x1A50, 0x73CE, 0x0000, 0x104C, 0x2244, 0x6266, 0x4202}},
    {0x71DF, 16, {0x0810, 0x6892, 0x2A54, 0x1830, 0x36EC, 0x4286, 0x7FFE, 0x4002, 0x4FF2, 0x0810, 0x0FF0, 0x0200, 0x1FFC, 0x1004, 0x1FFC, 0x1000}},
    {0x7235, 16, {0x001C, 0x3FE0, 0x1108, 0x1910, 0x3FFC, 0x2644, 0x3FFC, 0x3E00, 0x2208, 0x3EFE, 0x2208, 0x3E48, 0x2428, 0x2208, 0x7F08, 0x0138}},
    {0x723E, 16, {0x0000, 0x7FFE, 0x0990, 0x199C, 0x3186, 0x7FFC, 0x2184, 0x2DF4, 0x25B4, 0x29C4, 0x2194, 0x2DF4, 0x25B4, 0x29C4, 0x2184, 0x219C}},
    {0x7248, 16, {0x2406, 0x24F8, 0x2480, 0x2480, 0x2480, 0x3CFE, 0x20C6, 0x20C6, 0x20A4, 0x3CA4, 0x24AC, 0x6598, 0x4518, 0x453C, 0x4566, 0x0400}},
    {0x724C, 16, {0x0020, 0x2C40, 0x2DFE, 0x2D26, 0x2D26, 0x3DFE, 0x2126, 0x2126, 0x21FE, 0x3CD0, 0x2D90, 0x6FFE, 0x4C18, 0x4C10, 0x4C10, 0x4800}},
    {0x725B, 16, {0x0080, 0x1880, 0x1080, 0x1FFC, 0x3180, 0x6080, 0x4080, 0x0080, 0x0180, 0x7FFE, 0x0080, 0x0080, 0x0080, 0x0080, 0x0080, 0x0080}},
    {0x7269, 16, {0x0800, 0x0880, 0x4880, 0x58FE, 0x7D2A, 0x494A, 0x4A4A, 0x0852, 0x0E92, 0x3C92, 0x7922, 0x0B22, 0x0866, 0x0844, 0x0884, 0x091C}},
    {0x726F, 16, {0x0820, 0x0830, 0x2830, 0x6830, 0x7FFE, 0x4830, 0x4830, 0x0830, 0x0830, 0x3DFE, 0x7986, 0x0986, 0x0986, 0x0986, 0x09FE, 0x0880}},
    {0x7279, 16, {0x0020, 0x1820, 0x59FE, 0x7820, 0x7C20, 0x5BFE, 0x5808, 0x1808, 0x1C08, 0x7BFE, 0x5808, 0x1888, 0x18C8, 0x1848, 0x1808, 0x1838}},
    {0x727D, 16, {0x0180, 0x7FFE, 0x0620, 0x0FE0, 0x00C0, 0x7FFE, 0x4622, 0x4FF2, 0x1D08, 0x1980, 0x1FFC, 0x2180, 0x7FFE, 0x0180, 0x0180, 0x0180}},
    {0x7281, 16, {0x0200, 0x7C24, 0x0824, 0x7FA4, 0x1C24, 0x1E24, 0x6904, 0x481C, 0x1980, 0x1FFC, 0x2180, 0x2180, 0x7FFE, 0x0180, 0x0180, 0x0100}},
    {0x72AC, 16, {0x0180, 0x01B0, 0x0198, 0x0104, 0x0100, 0x7FFE, 0x0180, 0x0180, 0x03C0, 0x0240, 0x0660, 0x0430, 0x0C10, 0x181C, 0x7006, 0x4002}},
    {0x72C0, 16, {0x0420, 0x4428, 0x4424, 0x4422, 0x4420, 0x7FFE, 0x0430, 0x0430, 0x0430, 0x7C70, 0x2450, 0x2458, 0x24C8, 0x658C, 0x4706, 0x0602}},
    {0x72D7, 16, {0x0080, 0x6880, 0x3980, 0x31FE, 0x3302, 0x4A02, 0x09F2, 0x1912, 0x1912, 0x3916, 0x6916, 0x49F6, 0x0904, 0x0804, 0x1804, 0x703C}},
    {0x7345, 16, {0x4800, 0x7A7E, 0x3308, 0x3788, 0x74BE, 0x14AA, 0x17AA, 0x142A, 0x342A, 0x37AA, 0x54AA, 0x14AA, 0x14AE, 0x1788, 0x1408, 0x7008}},
    {0x7372, 16, {0x0090, 0x6B9E, 0x3090, 0x3120, 0x7BFE, 0x4F20, 0x0FFC, 0x19FC, 0x3920, 0x29FE, 0x4800, 0x0BFC, 0x0908, 0x08F0, 0x779E, 0x0000}},
    {0x7384, 16, {0x0100, 0x0100, 0x0180, 0x7FFE, 0x0300, 0x0600, 0x0C30, 0x0860, 0x1FC0, 0x0180, 0x0310, 0x0608, 0x0C0C, 0x3FFC, 0x3806, 0x0000}},
    {0x7389, 16, {0x0000, 0x3FFC, 0x0180, 0x0180, 0x0180, 0x0180, 0x0180, 0x3FFC, 0x0180, 0x01A0, 0x0190, 0x0188, 0x018C, 0x0180, 0x7FFE, 0x0000}},
    {0x738B, 16, {0x0000, 0x3FFC, 0x0180, 0x0180, 0x0180, 0x0180, 0x0180, 0x3FFC, 0x0180, 0x0180, 0x0180, 0x0180, 0x0180, 0x0180, 0x7FFE, 0x0000}},
    {0x73C0, 16, {0x0020, 0x7C20, 0x1060, 0x11FE, 0x1106, 0x1106, 0x7906, 0x1106, 0x11FE, 0x1106, 0x1106, 0x1D06, 0x7906, 0x6106, 0x01FE, 0x0100}},
    {0x73CA, 16, {0x0000, 0x7BFC, 0x3254, 0x3254, 0x3254, 0x3254, 0x3254, 0x77FE, 0x3256, 0x3254, 0x3254, 0x3254, 0x3A54, 0x6254, 0x0254, 0x0254}},
    {0x73E0, 16, {0x0020, 0x7DA0, 0x1120, 0x11FE, 0x1120, 0x1320, 0x7E20, 0x1020, 0x13FE, 0x1070, 0x1078, 0x14A8, 0x3DA4, 0x6322, 0x0622, 0x0020}},
    {0x73ED, 16, {0x0080, 0x7CFE, 0x1098, 0x1088, 0x1288, 0x1288, 0x1388, 0x7988, 0x10BE, 0x1088, 0x1088, 0x1108, 0x3908, 0x7308, 0x067E, 0x0400}},
    {0x73EE, 16, {0x0000, 0x7FFC, 0x3204, 0x33F4, 0x3244, 0x3244, 0x7BF4, 0x3354, 0x3754, 0x3554, 0x3D54, 0x7554, 0x0575, 0x0C45, 0x0843, 0x0842}},
    {0x7403, 16, {0x0020, 0x0024, 0x7C22, 0x13FE, 0x1020, 0x1222, 0x7D26, 0x1134, 0x1030, 0x1030, 0x10A8, 0x1DA8, 0x7724, 0x4426, 0x0022, 0x00E0}},
    {0x7406, 16, {0x0000, 0x7DFE, 0x1122, 0x1122, 0x11FE, 0x1122, 0x7922, 0x1122, 0x11FE, 0x1020, 0x1020, 0x13FE, 0x3820, 0x4020, 0x07FE, 0x0000}},
    {0x741B, 16, {0x0000, 0x7FFE, 0x1202, 0x1252, 0x10D0, 0x1090, 0x7F0E, 0x1020, 0x1020, 0x13FE, 0x1070, 0x1CA8, 0x712C, 0x0326, 0x0422, 0x0020}},
    {0x7433, 16, {0x0108, 0x7908, 0x3108, 0x2108, 0x27FE, 0x2118, 0x799C, 0x33DC, 0x235C, 0x232C, 0x3D2A, 0x3D4A, 0x494A, 0x0108, 0x0108, 0x0108}},
    {0x7434, 16, {0x0000, 0x7EFE, 0x0810, 0x7E7E, 0x0810, 0x0EFE, 0x7180, 0x03C0, 0x0660, 0x3C38, 0x77E6, 0x0000, 0x1FF8, 0x0030, 0x0060, 0x0040}},
    {0x743C, 16, {0x0020, 0x7C20, 0x13FE, 0x1000, 0x1000, 0x11FC, 0x7904, 0x1104, 0x11FC, 0x1020, 0x10A0, 0x1D24, 0x7D24, 0x6222, 0x0222, 0x00E0}},
    {0x745C, 16, {0x0020, 0x0070, 0x7898, 0x210E, 0x27FA, 0x2400, 0x7800, 0x7BC2, 0x2252, 0x23D2, 0x2252, 0x23D2, 0x3A52, 0x7242, 0x0242, 0x02CC}},
    {0x745E, 16, {0x0020, 0x7A22, 0x3222, 0x3322, 0x33FE, 0x3000, 0x7BFE, 0x3020, 0x3060, 0x33FE, 0x3252, 0x3252, 0x3A52, 0x6252, 0x0252, 0x0256}},
    {0x745F, 16, {0x0000, 0x7EFE, 0x0810, 0x0810, 0x7EFE, 0x0810, 0x1F10, 0x70FE, 0x0200, 0x0190, 0x04A0, 0x244C, 0x2584, 0x4612, 0x3C12, 0x67F0}},
    {0x7464, 16, {0x0020, 0x7C60, 0x10FE, 0x1184, 0x1228, 0x1130, 0x79C0, 0x1380, 0x11FE, 0x1220, 0x17FE, 0x7C20, 0x7020, 0x0122, 0x01FE, 0x0002}},
    {0x7469, 16, {0x0810, 0x0890, 0x2A74, 0x1C78, 0x66C6, 0x0000, 0x7FFE, 0x4002, 0x7FFE, 0x0180, 0x0180, 0x1FF8, 0x01B0, 0x0198, 0x7FFE, 0x0000}},
    {0x746A, 16, {0x0000, 0x7DFE, 0x1130, 0x1130, 0x11FC, 0x1130, 0x7DFC, 0x1130, 0x1130, 0x11FE, 0x1402, 0x3EAA, 0x62A2, 0x0282, 0x0402, 0x000C}},
    {0x74A7, 16, {0x0010, 0x3EFE, 0x2244, 0x3E44, 0x20FE, 0x3E10, 0x6210, 0x62FE, 0x3E10, 0x0010, 0x3FFC, 0x0180, 0x1FFC, 0x0190, 0x7FFE, 0x0000}},
    {0x74B0, 16, {0x0000, 0x7BFE, 0x2252, 0x23FE, 0x2000, 0x27FE, 0x7800, 0x21FC, 0x2104, 0x2104, 0x21FC, 0x38F2, 0x7B1C, 0x4508, 0x01E6, 0x0102}},
    {0x74BD, 16, {0x0000, 0x7FFE, 0x1998, 0x3FFE, 0x7194, 0x3DF4, 0x3184, 0x37B4, 0x3FFC, 0x2088, 0x3FFC, 0x0180, 0x1FF8, 0x01B0, 0x0190, 0x7FFE}},
    {0x74CF, 16, {0x0100, 0x7910, 0x27FE, 0x2210, 0x229E, 0x27C2, 0x781E, 0x23D0, 0x225E, 0x23D0, 0x225E, 0x2250, 0x7BDE, 0x6250, 0x0252, 0x02DE}},
    {0x74DC, 16, {0x0000, 0x0038, 0x1FE0, 0x1000, 0x1108, 0x1108, 0x1108, 0x1108, 0x1108, 0x1108, 0x314C, 0x2324, 0x2224, 0x67E6, 0x4212, 0x0000}},
    {0x74E6, 16, {0x0000, 0x7FFE, 0x0C00, 0x0800, 0x0800, 0x0FF0, 0x0810, 0x0810, 0x0A10, 0x0910, 0x0890, 0x1890, 0x1812, 0x1012, 0x7F92, 0x601E}},
    {0x7504, 16, {0x0000, 0x7FFE, 0x1420, 0x1420, 0x7F60, 0x557C, 0x6744, 0x4144, 0x7F64, 0x0874, 0x085C, 0x7F44, 0x0845, 0x0945, 0x7FF5, 0x0086}},
    {0x7518, 16, {0x0810, 0x0810, 0x0810, 0x0810, 0x7FFE, 0x0810, 0x0810, 0x0810, 0x0810, 0x0FF0, 0x0810, 0x0810, 0x0810, 0x0810, 0x0FF0, 0x0810}},
    {0x751F, 16, {0x0000, 0x1980, 0x1980, 0x1180, 0x3FFC, 0x2180, 0x6180, 0x4180, 0x0180, 0x1FFC, 0x0180, 0x0180, 0x0180, 0x0180, 0x7FFE, 0x0000}},
    {0x7522, 16, {0x0100, 0x0080, 0x3FFE, 0x0E30, 0x03E0, 0x0E18, 0x3FFE, 0x2040, 0x2440, 0x2FFC, 0x3840, 0x27FC, 0x2040, 0x6040, 0x5FFE, 0x0000}},
    {0x7528, 16, {0x0000, 0x3FFC, 0x3184, 0x3184, 0x3184, 0x3FFC, 0x3184, 0x3184, 0x3184, 0x3FFC, 0x2184, 0x2184, 0x2184, 0x6184, 0x4184, 0x41BC}},
    {0x752B, 16, {0x0180, 0x0198, 0x018C, 0x7FFE, 0x0180, 0x3FFC, 0x2184, 0x2184, 0x3FFC, 0x2184, 0x2184, 0x3FFC, 0x2184, 0x2184, 0x2184, 0x21BC}},
    {0x7530, 16, {0x0000, 0x3FFE, 0x2186, 0x2106, 0x2106, 0x2106, 0x2106, 0x3FFE, 0x2186, 0x2106, 0x2106, 0x2106, 0x2106, 0x3FFE, 0x2006, 0x0000}},
    {0x7537, 16, {0x0000, 0x3FFC, 0x318C, 0x318C, 0x3FFC, 0x318C, 0x318C, 0x3FFC, 0x0100, 0x0100, 0x7FFC, 0x0204, 0x0604, 0x0C0C, 0x1808, 0x6078}},
    {0x7538, 16, {0x0000, 0x0800, 0x0800, 0x1FFE, 0x1002, 0x3006, 0x7FE6, 0x5326, 0x1326, 0x1FE6, 0x1324, 0x1324, 0x1FE4, 0x1004, 0x000C, 0x0078}},
    {0x754C, 16, {0x0000, 0x1FFC, 0x118C, 0x118C, 0x1FFC, 0x118C, 0x118C, 0x1FFC, 0x0660, 0x0C10, 0x343E, 0x4422, 0x0420, 0x0C20, 0x1820, 0x3020}},
    {0x7554, 16, {0x0020, 0x0020, 0x7D24, 0x54A4, 0x54A8, 0x5420, 0x7DFE, 0x5420, 0x5420, 0x5420, 0x57FE, 0x5420, 0x7C20, 0x4020, 0x0020, 0x0020}},
    {0x7559, 16, {0x0600, 0x3CFE, 0x2026, 0x2426, 0x2666, 0x2644, 0x3EC4, 0x219C, 0x0000, 0x1FF8, 0x1188, 0x1FF8, 0x1188, 0x1188, 0x1FF8, 0x1008}},
    {0x7562, 16, {0x0000, 0x3FFC, 0x2184, 0x3FFC, 0x2184, 0x3FFC, 0x0180, 0x0990, 0x3FFC, 0x0990, 0x7FFE, 0x0180, 0x0180, 0x3FFC, 0x0180, 0x0100}},
    {0x7576, 16, {0x0000, 0x1188, 0x0990, 0x7FFE, 0x4002, 0x4FF2, 0x0810, 0x0810, 0x0FF0, 0x0000, 0x3FFC, 0x3184, 0x3FFC, 0x3184, 0x3FFC, 0x0004}},
    {0x758A, 16, {0x0000, 0x1FF8, 0x1FF8, 0x1FF8, 0x0000, 0x7E7E, 0x7E7E, 0x7E7E, 0x3FFC, 0x2004, 0x2FF4, 0x0810, 0x0810, 0x0FF0, 0x7FFE, 0x0000}},
    {0x7642, 16, {0x0000, 0x00C0, 0x1FFE, 0x5040, 0x57FE, 0x7190, 0x170C, 0x13FC, 0x1E0E, 0x73F8, 0x5208, 0x33F8, 0x2040, 0x264C, 0x6C44, 0x41C0}},
    {0x767B, 16, {0x0000, 0x3ED8, 0x0270, 0x2424, 0x1C38, 0x1FF8, 0x6006, 0x5FF0, 0x1810, 0x1810, 0x1810, 0x1FF0, 0x0420, 0x0420, 0x7FFE, 0x0000}},
    {0x767C, 16, {0x0080, 0x3ED0, 0x2662, 0x1C2C, 0x1818, 0x7EFE, 0x0290, 0x0290, 0x3F8E, 0x2100, 0x21FC, 0x3E08, 0x06D8, 0x0470, 0x0478, 0x3D8C}},
    {0x767D, 16, {0x0100, 0x0100, 0x0300, 0x3FFC, 0x300C, 0x200C, 0x200C, 0x200C, 0x3FFC, 0x300C, 0x200C, 0x200C, 0x200C, 0x3FFC, 0x300C, 0x0000}},
    {0x767E, 16, {0x0000, 0x7FFE, 0x0180, 0x0100, 0x0100, 0x1FF8, 0x1008, 0x1008, 0x1008, 0x1FF8, 0x1008, 0x1008, 0x1008, 0x1008, 0x1FF8, 0x1008}},
    {0x7684, 16, {0x0800, 0x0840, 0x1040, 0x7E7E, 0x4282, 0x4282, 0x4382, 0x6242, 0x7E62, 0x4236, 0x4216, 0x4204, 0x6204, 0x7E04, 0x4004, 0x003C}},
    {0x7686, 16, {0x1040, 0x1040, 0x1F7E, 0x1040, 0x1040, 0x1342, 0x3C7E, 0x0100, 0x0100, 0x1FF8, 0x1008, 0x1FF8, 0x1008, 0x1008, 0x1FF8, 0x1008}},
    {0x7687, 16, {0x0100, 0x0100, 0x1FF8, 0x1008, 0x1FF8, 0x1008, 0x1008, 0x1FF8, 0x0000, 0x3FFC, 0x0180, 0x0180, 0x1FF8, 0x0180, 0x7FFE, 0x0000}},
    {0x76AE, 16, {0x0080, 0x0080, 0x0080, 0x3FFE, 0x3084, 0x308C, 0x3080, 0x3FFC, 0x2408, 0x2218, 0x2310, 0x21A0, 0x20C0, 0x63F0, 0x5E1E, 0x0806}},
    {0x76C8, 16, {0x0000, 0x7FF0, 0x0810, 0x0820, 0x0FBC, 0x1084, 0x1704, 0x2384, 0x6CFC, 0x4000, 0x1FF8, 0x1248, 0x1248, 0x1248, 0x7FFE, 0x0000}},
    {0x76CA, 16, {0x0010, 0x0810, 0x0430, 0x0420, 0x7FFE, 0x0000, 0x0C30, 0x180C, 0x6000, 0x1FF8, 0x1248, 0x1248, 0x1248, 0x1248, 0x7FFE, 0x0000}},
    {0x76DB, 16, {0x0090, 0x0098, 0x3FFE, 0x20C0, 0x204C, 0x3E48, 0x2230, 0x2272, 0x6EDE, 0x4000, 0x1FF8, 0x1248, 0x1248, 0x1248, 0x7FFE, 0x0000}},
    {0x76DE, 16, {0x0260, 0x03FC, 0x3F10, 0x00E0, 0x07E2, 0x30FC, 0x03FC, 0x3F00, 0x01F0, 0x3C22, 0x001E, 0x1FF8, 0x1248, 0x1248, 0x7FFE, 0x0000}},
    {0x76E4, 16, {0x0800, 0x3E78, 0x2248, 0x2ACE, 0x2280, 0x7FFC, 0x224C, 0x2A38, 0x4278, 0x46C6, 0x1FF8, 0x1248, 0x1248, 0x1248, 0x7FFE, 0x0000}},
    {0x76E7, 16, {0x0100, 0x01FC, 0x0100, 0x3FFE, 0x2104, 0x2F80, 0x20FC, 0x2000, 0x2FF8, 0x2FF8, 0x2C88, 0x27F8, 0x2FFC, 0x4924, 0x7FFE, 0x0000}},
    {0x76EE, 16, {0x0000, 0x1FF8, 0x1008, 0x1008, 0x1008, 0x1FF8, 0x1008, 0x1008, 0x1008, 0x1FF8, 0x1008, 0x1008, 0x1008, 0x1FF8, 0x1008, 0x0000}},
    {0x76F2, 16, {0x0100, 0x0180, 0x7FFE, 0x1000, 0x1000, 0x1FFC, 0x0000, 0x1FF8, 0x1008, 0x1008, 0x1FF8, 0x1008, 0x1FF8, 0x1008, 0x1FF8, 0x1008}},
    {0x76F8, 16, {0x1800, 0x18FE, 0x1882, 0x1882, 0x7E82, 0x18FE, 0x1882, 0x3C82, 0x3C82, 0x7AFE, 0x5882, 0x5882, 0x1882, 0x1882, 0x18FE, 0x1882}},
    {0x7701, 16, {0x0180, 0x0998, 0x118C, 0x2196, 0x4760, 0x00C0, 0x0700, 0x7FF8, 0x4808, 0x0808, 0x0FF8, 0x0808, 0x0FF8, 0x0808, 0x0FF8, 0x0808}},
    {0x771F, 16, {0x0000, 0x0100, 0x7FFE, 0x0180, 0x1FF8, 0x1FF8, 0x1008, 0x1FF8, 0x1008, 0x1FF8, 0x1008, 0x1008, 0x7FFE, 0x0420, 0x381C, 0x6006}},
    {0x7720, 16, {0x0000, 0x7DFE, 0x4D06, 0x4D06, 0x4D06, 0x7DFE, 0x4D30, 0x4D10, 0x7DFE, 0x4D10, 0x4D10, 0x4D10, 0x7D10, 0x410A, 0x03EA, 0x0386}},
    {0x773A, 16, {0x0090, 0x7890, 0x4890, 0x4E92, 0x4B94, 0x7994, 0x4890, 0x4890, 0x789C, 0x4B96, 0x4E92, 0x4890, 0x7990, 0x4112, 0x4312, 0x041E}},
    {0x773C, 16, {0x0000, 0x7DFC, 0x4504, 0x4504, 0x45FC, 0x7D04, 0x4504, 0x45FC, 0x7D20, 0x4526, 0x451C, 0x4518, 0x7D08, 0x412C, 0x01E6, 0x0100}},
    {0x773E, 16, {0x0000, 0x3FFC, 0x2644, 0x2644, 0x3FFC, 0x0000, 0x001C, 0x3FF0, 0x0180, 0x0988, 0x1998, 0x1998, 0x35BC, 0x61E6, 0x41C2, 0x0180}},
    {0x7761, 16, {0x000C, 0x79F0, 0x4820, 0x4820, 0x4BFE, 0x7820, 0x4924, 0x4BAE, 0x7924, 0x4924, 0x4820, 0x4BFE, 0x7820, 0x4020, 0x03FE, 0x0000}},
    {0x7763, 16, {0x0800, 0x0FFC, 0x0844, 0x7F2C, 0x0838, 0x2B38, 0x49EC, 0x1886, 0x1FF8, 0x1008, 0x1FF8, 0x1008, 0x1FF8, 0x1008, 0x1FF8, 0x1000}},
    {0x77AD, 16, {0x0000, 0x7840, 0x4FFE, 0x48D0, 0x4B8C, 0x790C, 0x4FFE, 0x4F06, 0x79FC, 0x4904, 0x49FC, 0x4820, 0x792C, 0x4226, 0x4422, 0x00E0}},
    {0x77F3, 16, {0x0000, 0x0000, 0x7FFE, 0x0600, 0x0400, 0x0400, 0x0800, 0x1FFC, 0x1804, 0x3804, 0x6804, 0x4804, 0x0804, 0x0804, 0x0FFC, 0x0804}},
    {0x7814, 16, {0x0000, 0x7DFE, 0x104C, 0x304C, 0x204C, 0x204C, 0x3C4C, 0x65FE, 0x64CC, 0x64CC, 0x24CC, 0x248C, 0x248C, 0x3C8C, 0x218C, 0x0108}},
    {0x7835, 16, {0x0020, 0x7E20, 0x1020, 0x3020, 0x23FE, 0x2070, 0x3C78, 0x64A8, 0x64A4, 0x65A4, 0x2722, 0x27FA, 0x2620, 0x3C20, 0x2020, 0x0020}},
    {0x7843, 16, {0x0020, 0x7EA0, 0x10A0, 0x31FE, 0x2130, 0x2120, 0x3C20, 0x2430, 0x67FE, 0x6470, 0x2478, 0x24AC, 0x3DA6, 0x2322, 0x2020, 0x0020}},
    {0x7864, 16, {0x0020, 0x7C20, 0x3020, 0x33FE, 0x2020, 0x20A4, 0x3DA4, 0x65BC, 0x657A, 0x6630, 0x2470, 0x2448, 0x3CC8, 0x2184, 0x2306, 0x0200}},
    {0x786C, 16, {0x0000, 0x7FFE, 0x1020, 0x3020, 0x21FE, 0x2122, 0x3DFE, 0x6522, 0x6522, 0x65FE, 0x2420, 0x25A0, 0x24C0, 0x3CE0, 0x21BC, 0x0206}},
    {0x78A7, 16, {0x0010, 0x7EFC, 0x0884, 0x0884, 0x7EFC, 0x0884, 0x0A84, 0x70FC, 0x0000, 0x7FFE, 0x0C00, 0x1FFC, 0x380C, 0x480C, 0x0FFC, 0x0800}},
    {0x78A9, 16, {0x0000, 0x7FFE, 0x1030, 0x3020, 0x20FE, 0x2086, 0x3EFE, 0x6686, 0x6686, 0x66FE, 0x2686, 0x26FE, 0x3E48, 0x20C4, 0x2382, 0x0002}},
    {0x78BA, 16, {0x0020, 0x7C20, 0x13FE, 0x1242, 0x30D2, 0x20D0, 0x3DFE, 0x6790, 0x64FE, 0x6490, 0x2490, 0x24FE, 0x2C90, 0x3890, 0x20FE, 0x0080}},
    {0x78BC, 16, {0x0000, 0x7FFE, 0x1110, 0x3110, 0x21FC, 0x2110, 0x3DFC, 0x6510, 0x6510, 0x65FE, 0x2402, 0x250A, 0x2556, 0x3F52, 0x2206, 0x001C}},
    {0x78DA, 16, {0x0020, 0x7FFE, 0x3020, 0x21FC, 0x2122, 0x21FE, 0x3D22, 0x65FE, 0x6424, 0x65FE, 0x6408, 0x27FE, 0x2488, 0x3CC8, 0x2048, 0x0038}},
    {0x78E1, 16, {0x0008, 0x7A48, 0x27E8, 0x2248, 0x225E, 0x23CA, 0x3A4A, 0x6BCA, 0x6A4A, 0x6FEA, 0x2B42, 0x2B52, 0x2B72, 0x3A12, 0x23FC, 0x0000}},
    {0x793A, 16, {0x0000, 0x0000, 0x3FFC, 0x0000, 0x0000, 0x0000, 0x7FFE, 0x0180, 0x0180, 0x1998, 0x1188, 0x318C, 0x2184, 0x4186, 0x0180, 0x0700}},
    {0x793E, 16, {0x1030, 0x1830, 0x0830, 0x7C30, 0x0430, 0x0C30, 0x09FE, 0x1830, 0x3C30, 0x7630, 0x5030, 0x1030, 0x1030, 0x1030, 0x13FE, 0x1000}},
    {0x7948, 16, {0x1004, 0x183C, 0x08C0, 0x7C80, 0x0480, 0x0C80, 0x08FE, 0x1888, 0x3C88, 0x7788, 0x1188, 0x1188, 0x1108, 0x1108, 0x1308, 0x1008}},
    {0x7950, 16, {0x1020, 0x1020, 0x0860, 0x7DFE, 0x0440, 0x0C40, 0x08C0, 0x1880, 0x3CFE, 0x7586, 0x5386, 0x1286, 0x1086, 0x1086, 0x10FE, 0x1082}},
    {0x7956, 16, {0x1000, 0x19FC, 0x0984, 0x7D84, 0x0584, 0x09FC, 0x0984, 0x1984, 0x3D84, 0x7784, 0x51FC, 0x1184, 0x1184, 0x1184, 0x13FE, 0x1000}},
    {0x7960, 16, {0x0000, 0x13FE, 0x1002, 0x7C02, 0x0FF2, 0x0802, 0x1802, 0x19F2, 0x3D12, 0x5512, 0x1112, 0x11F2, 0x1102, 0x1002, 0x1006, 0x101C}},
    {0x7965, 16, {0x0004, 0x1084, 0x10CC, 0x7C48, 0x0DFE, 0x0830, 0x1830, 0x19FE, 0x3830, 0x7430, 0x5030, 0x13FE, 0x1030, 0x1030, 0x1030, 0x1020}},
    {0x797F, 16, {0x0080, 0x3080, 0x10F8, 0x0188, 0x7DF8, 0x0808, 0x0808, 0x1BFE, 0x3820, 0x7724, 0x51A8, 0x1020, 0x10A8, 0x1326, 0x1622, 0x10E0}},
    {0x798F, 16, {0x0000, 0x11FE, 0x1000, 0x7DFC, 0x0584, 0x0984, 0x09FC, 0x1800, 0x3FFE, 0x7722, 0x5122, 0x11FE, 0x1122, 0x1122, 0x11FE, 0x1102}},
    {0x79A7, 16, {0x2020, 0x13FE, 0x0020, 0x7DFC, 0x0800, 0x09FC, 0x1104, 0x11FC, 0x3888, 0x7488, 0x53FE, 0x1000, 0x11FC, 0x1104, 0x11FC, 0x1100}},
    {0x79AE, 16, {0x0040, 0x1050, 0x11FE, 0x0152, 0x7DFE, 0x0952, 0x19FE, 0x13FE, 0x3800, 0x75FC, 0x1104, 0x11FC, 0x1008, 0x10C8, 0x13FE, 0x0000}},
    {0x79BE, 16, {0x0000, 0x01F8, 0x3F80, 0x0180, 0x0180, 0x0180, 0x7FFE, 0x03C0, 0x03C0, 0x05A0, 0x0DB0, 0x1998, 0x318C, 0x6186, 0x0180, 0x0100}},
    {0x79C0, 16, {0x0038, 0x3F80, 0x0180, 0x0180, 0x7FFE, 0x07E0, 0x0DB0, 0x198C, 0x7006, 0x5FE0, 0x0660, 0x047C, 0x040C, 0x080C, 0x1808, 0x6078}},
    {0x79CB, 16, {0x0020, 0x3C20, 0x5820, 0x0820, 0x0922, 0x7FA4, 0x18A4, 0x1CB4, 0x3C30, 0x2830, 0x4870, 0x4848, 0x08C8, 0x0884, 0x0B06, 0x0800}},
    {0x79D1, 16, {0x0008, 0x3C08, 0x7848, 0x1828, 0x1808, 0x7E08, 0x1888, 0x1848, 0x3C28, 0x3A08, 0x581E, 0x59FC, 0x1808, 0x1808, 0x1808, 0x0008}},
    {0x79D2, 16, {0x0000, 0x3C30, 0x7830, 0x18B4, 0x18B4, 0x7FB2, 0x1932, 0x1932, 0x3C30, 0x3C34, 0x7864, 0x5808, 0x1818, 0x1830, 0x19C0, 0x1100}},
    {0x79DF, 16, {0x0000, 0x7CFC, 0x1084, 0x1084, 0x1084, 0x7EFC, 0x1884, 0x1884, 0x3C84, 0x3484, 0x50FC, 0x5084, 0x1084, 0x1084, 0x13FE, 0x0000}},
    {0x79E6, 16, {0x0000, 0x0180, 0x3FFC, 0x0100, 0x1FFC, 0x0200, 0x7FFE, 0x0C10, 0x18F8, 0x378C, 0x6186, 0x1FF8, 0x03C0, 0x0DB0, 0x3988, 0x2100}},
    {0x79E9, 16, {0x0020, 0x7CA0, 0x11A0, 0x11FE, 0x1120, 0x7F20, 0x1A20, 0x1820, 0x3FFE, 0x3430, 0x5030, 0x5050, 0x10C8, 0x118C, 0x1306, 0x1202}},
    {0x7A05, 16, {0x0000, 0x3898, 0x5088, 0x1104, 0x1306, 0x7DFC, 0x1104, 0x3904, 0x3904, 0x35FC, 0x50D0, 0x5090, 0x1090, 0x1092, 0x1112, 0x121E}},
    {0x7A0B, 16, {0x0000, 0x3DFC, 0x7904, 0x1904, 0x1904, 0x7FFC, 0x1800, 0x181C, 0x3DF0, 0x3E20, 0x5820, 0x59FE, 0x1820, 0x1820, 0x1BFE, 0x0000}},
    {0x7A0D, 16, {0x0000, 0x3932, 0x50B6, 0x10B4, 0x1030, 0x7DFE, 0x1102, 0x3902, 0x3DFE, 0x3502, 0x5102, 0x51FE, 0x1102, 0x1102, 0x1102, 0x110C}},
    {0x7A31, 16, {0x0000, 0x1C3C, 0x71E0, 0x1124, 0x10A8, 0x7C20, 0x11FE, 0x3922, 0x3D22, 0x35FE, 0x5122, 0x53FF, 0x1106, 0x1102, 0x1106, 0x110C}},
    {0x7A4D, 16, {0x0020, 0x7DFE, 0x5020, 0x11FC, 0x1030, 0x7E00, 0x11FC, 0x1904, 0x3DFC, 0x3504, 0x51FC, 0x5104, 0x11FC, 0x10C8, 0x1186, 0x1202}},
    {0x7A57, 16, {0x0020, 0x7BFE, 0x1020, 0x11FE, 0x1122, 0x7DFE, 0x1122, 0x39FE, 0x3C24, 0x53FE, 0x5002, 0x50A0, 0x1294, 0x1282, 0x128A, 0x10F8}},
    {0x7A76, 16, {0x0100, 0x0180, 0x7FFE, 0x4642, 0x4442, 0x0C40, 0x303E, 0x0300, 0x0300, 0x3FF0, 0x0330, 0x0230, 0x0632, 0x1C32, 0x701E, 0x0000}},
    {0x7A7A, 16, {0x0100, 0x0180, 0x7FFE, 0x4246, 0x4242, 0x4640, 0x0C40, 0x383E, 0x0000, 0x1FF8, 0x0180, 0x0180, 0x0180, 0x0180, 0x7FFE, 0x0000}},
    {0x7AA9, 16, {0x0100, 0x7FFE, 0x4242, 0x0440, 0x387C, 0x0000, 0x1FF8, 0x1008, 0x13F8, 0x1308, 0x3FFC, 0x2004, 0x27E4, 0x2424, 0x27E4, 0x201C}},
    {0x7AB0, 16, {0x0100, 0x7FFE, 0x4642, 0x6C7E, 0x2300, 0x07F8, 0x3910, 0x0DE0, 0x0700, 0x7FFC, 0x1180, 0x3180, 0x7FFE, 0x0184, 0x3FFC, 0x0004}},
    {0x7ACB, 16, {0x0100, 0x0100, 0x0180, 0x0000, 0x3FFC, 0x0000, 0x0810, 0x0810, 0x0C30, 0x0420, 0x0420, 0x0460, 0x0440, 0x0040, 0x7FFE, 0x0000}},
    {0x7AD9, 16, {0x1020, 0x1820, 0x0820, 0x7E20, 0x003E, 0x2420, 0x2420, 0x2420, 0x25FE, 0x2586, 0x2986, 0x0F86, 0x3F86, 0x6186, 0x01FE, 0x0082}},
    {0x7AE0, 16, {0x0100, 0x0180, 0x3FFC, 0x0420, 0x7FFE, 0x0000, 0x1FF8, 0x1008, 0x1FF8, 0x1008, 0x1008, 0x1FF8, 0x0180, 0x7FFE, 0x0180, 0x0180}},
    {0x7AE5, 16, {0x0180, 0x3FFC, 0x0830, 0x0420, 0x7FFE, 0x0000, 0x1FF8, 0x1188, 0x1FF8, 0x1188, 0x1FF8, 0x0180, 0x3FFC, 0x0180, 0x7FFE, 0x0000}},
    {0x7AF6, 16, {0x0010, 0x08FE, 0x7F00, 0x004C, 0x2468, 0x7FFE, 0x0000, 0x3EFC, 0x22C4, 0x3EFC, 0x1428, 0x1468, 0x2548, 0x2648, 0x648A, 0x410E}},
    {0x7AF9, 16, {0x1000, 0x1040, 0x1040, 0x3040, 0x3FFE, 0x2888, 0x6988, 0x4908, 0x0808, 0x0808, 0x0808, 0x0808, 0x0808, 0x0808, 0x0818, 0x0878}},
    {0x7B0F, 16, {0x1020, 0x1060, 0x3F7E, 0x6CD0, 0x4488, 0x0800, 0x1FFE, 0x3326, 0x2224, 0x4664, 0x0444, 0x08C4, 0x1884, 0x3184, 0x230C, 0x0238}},
    {0x7B19, 16, {0x1020, 0x3060, 0x3F7E, 0x68D0, 0x4488, 0x0880, 0x1880, 0x1FFC, 0x2080, 0x2080, 0x0080, 0x1FFC, 0x0080, 0x0080, 0x7FFE, 0x0000}},
    {0x7B26, 16, {0x1000, 0x1040, 0x3F7E, 0x6890, 0x4C98, 0x0808, 0x1808, 0x17FE, 0x3008, 0x7008, 0x5108, 0x1188, 0x1088, 0x1008, 0x1008, 0x1070}},
    {0x7B2C, 16, {0x1060, 0x3F7E, 0x28D0, 0x4488, 0x0000, 0x3FFC, 0x0184, 0x0104, 0x1FFC, 0x3100, 0x3FFC, 0x0384, 0x0504, 0x0904, 0x313C, 0x0100}},
    {0x7B49, 16, {0x1020, 0x3F7E, 0x6850, 0x4498, 0x0188, 0x3FF8, 0x0180, 0x0180, 0x7FFC, 0x0000, 0x0010, 0x7FFE, 0x0810, 0x0C10, 0x0210, 0x00F0}},
    {0x7B72, 16, {0x1000, 0x1040, 0x3F7E, 0x6C98, 0x4488, 0x1898, 0x0C90, 0x3FFC, 0x3004, 0x3FFC, 0x3004, 0x3004, 0x3FFC, 0x3004, 0x3004, 0x1018}},
    {0x7B95, 16, {0x1020, 0x3F7E, 0x68D0, 0x4488, 0x0810, 0x3FFC, 0x0810, 0x0FF0, 0x0810, 0x0FF0, 0x0810, 0x0810, 0x7FFE, 0x0430, 0x1818, 0x2004}},
    {0x7BA1, 16, {0x1060, 0x3F7E, 0x6890, 0x4408, 0x0180, 0x3FFE, 0x2006, 0x3FF8, 0x1808, 0x1FF8, 0x1800, 0x1800, 0x1FFC, 0x180C, 0x1FFC, 0x0000}},
    {0x7BC4, 16, {0x1060, 0x3F7E, 0x28D0, 0x4488, 0x0C00, 0x7F7C, 0x0844, 0x3F44, 0x2944, 0x3F44, 0x295C, 0x3F40, 0x0840, 0x7FC2, 0x0842, 0x087E}},
    {0x7C21, 16, {0x1060, 0x3F7E, 0x68D0, 0x4488, 0x3E7C, 0x2244, 0x3E7C, 0x2244, 0x3E7C, 0x2004, 0x27E4, 0x2424, 0x27E4, 0x2424, 0x27E4, 0x201C}},
    {0x7C6C, 16, {0x1040, 0x3F7E, 0x6C90, 0x4408, 0x0828, 0x7FC8, 0x3D7E, 0x3DC8, 0x3F48, 0x087E, 0x7F48, 0x457E, 0x5548, 0x5948, 0x417E, 0x0340}},
    {0x7C73, 16, {0x0100, 0x2184, 0x318C, 0x1188, 0x1998, 0x0990, 0x0180, 0x7FFE, 0x03C0, 0x07E0, 0x05A0, 0x0990, 0x118C, 0x6186, 0x4182, 0x0180}},
    {0x7C89, 16, {0x1000, 0x1048, 0x5448, 0x5488, 0x5C84, 0x1186, 0x7F02, 0x11FC, 0x3844, 0x3844, 0x3444, 0x5044, 0x5084, 0x108C, 0x1108, 0x1338}},
    {0x7C92, 16, {0x1020, 0x5020, 0x5420, 0x55FE, 0x1000, 0x1080, 0x7C84, 0x108C, 0x3888, 0x3CC8, 0x7448, 0x5048, 0x5048, 0x1010, 0x13FE, 0x1000}},
    {0x7CD6, 16, {0x1020, 0x1430, 0x57FE, 0x5310, 0x5BFC, 0x1312, 0x7F12, 0x33FE, 0x3212, 0x3AFC, 0x7E10, 0x52FE, 0x1282, 0x1682, 0x14FE, 0x1080}},
    {0x7CFB, 16, {0x0010, 0x00F0, 0x0F80, 0x3900, 0x0300, 0x0C30, 0x1FC0, 0x0190, 0x0608, 0x1FFC, 0x3F86, 0x0090, 0x0898, 0x108C, 0x6186, 0x0700}},
    {0x7D00, 16, {0x0800, 0x11FC, 0x1004, 0x2404, 0x2404, 0x7804, 0x5804, 0x14FC, 0x2684, 0x7E80, 0x0080, 0x5480, 0x4A82, 0x4A82, 0x40FE, 0x0000}},
    {0x7D04, 16, {0x0840, 0x1840, 0x10C0, 0x26FE, 0x6D86, 0x7902, 0x1902, 0x3246, 0x2E66, 0x7A26, 0x0016, 0x0A06, 0x6A04, 0x4A04, 0x4804, 0x403C}},
    {0x7D05, 16, {0x0800, 0x0800, 0x11FE, 0x3410, 0x2410, 0x7C10, 0x7810, 0x1410, 0x2610, 0x7E10, 0x0010, 0x0610, 0x6A10, 0x4A30, 0x49FE, 0x0000}},
    {0x7D10, 16, {0x1000, 0x11FC, 0x3044, 0x2444, 0x4844, 0x7844, 0x1044, 0x27FE, 0x7C4C, 0x644C, 0x004C, 0x544C, 0x54C8, 0x50C8, 0x41FE, 0x0000}},
    {0x7D1A, 16, {0x0000, 0x11FC, 0x10C8, 0x2488, 0x6C88, 0x7898, 0x10DE, 0x34C2, 0x64C4, 0x7EA4, 0x00AC, 0x5598, 0x5518, 0x533C, 0x43E6, 0x0082}},
    {0x7D20, 16, {0x0180, 0x3FFC, 0x0180, 0x1FF8, 0x0180, 0x0180, 0x7FFE, 0x0600, 0x1FE0, 0x0390, 0x0E18, 0x3FFC, 0x0080, 0x1898, 0x308C, 0x4700}},
    {0x7D2B, 16, {0x0040, 0x0C44, 0x2F7C, 0x2C40, 0x2C42, 0x7F7E, 0x4300, 0x0620, 0x1FC0, 0x0390, 0x0E18, 0x3FFC, 0x0082, 0x1898, 0x318C, 0x4700}},
    {0x7D50, 16, {0x1020, 0x1020, 0x3030, 0x25FE, 0x6820, 0x7820, 0x11FE, 0x2400, 0x6C00, 0x7EFC, 0x0484, 0x5484, 0x5484, 0x5084, 0x40FC, 0x0084}},
    {0x7D61, 16, {0x0020, 0x1040, 0x10FC, 0x24C4, 0x6DCC, 0x7978, 0x5030, 0x3478, 0x24CC, 0x7D86, 0x44FE, 0x1484, 0x5484, 0x5484, 0x40FC, 0x0080}},
    {0x7D71, 16, {0x0000, 0x1020, 0x1020, 0x21FE, 0x2C40, 0x78C8, 0x708C, 0x35FE, 0x2400, 0x7C90, 0x0090, 0x5490, 0x5492, 0x5112, 0x431E, 0x0000}},
    {0x7D93, 16, {0x0000, 0x11FE, 0x1000, 0x2494, 0x6924, 0x7968, 0x112C, 0x25A4, 0x6492, 0x7C00, 0x01FE, 0x5420, 0x5420, 0x5020, 0x43FE, 0x0000}},
    {0x7D9C, 16, {0x1020, 0x1030, 0x21FE, 0x2D02, 0x4902, 0x70FC, 0x1000, 0x2400, 0x6C00, 0x77FE, 0x0020, 0x04A4, 0x5524, 0x5722, 0x5222, 0x0060}},
    {0x7DA0, 16, {0x0080, 0x1080, 0x10F8, 0x2588, 0x69F8, 0x7808, 0x7008, 0x13FE, 0x2420, 0x7D26, 0x40AC, 0x0420, 0x54A8, 0x5726, 0x5022, 0x0060}},
    {0x7DAB, 16, {0x0010, 0x104C, 0x1046, 0x25FC, 0x282C, 0x7830, 0x71FA, 0x390E, 0x2498, 0x7CCA, 0x03FC, 0x5444, 0x5438, 0x5430, 0x51DA, 0x010E}},
    {0x7DAD, 16, {0x0050, 0x10D0, 0x1080, 0x24FE, 0x6990, 0x7990, 0x5390, 0x14FE, 0x2490, 0x7E90, 0x00FE, 0x5490, 0x5490, 0x5090, 0x50FE, 0x0080}},
    {0x7DB2, 16, {0x0000, 0x11FE, 0x3102, 0x2D4A, 0x6902, 0x79FE, 0x1122, 0x2522, 0x6DFA, 0x7742, 0x0142, 0x0542, 0x557A, 0x5702, 0x5102, 0x010E}},
    {0x7DDA, 16, {0x1020, 0x1020, 0x31FE, 0x2506, 0x69FE, 0x7906, 0x1106, 0x25FE, 0x6C30, 0x75F6, 0x0078, 0x54B8, 0x54BC, 0x5536, 0x5232, 0x0060}},
    {0x7DE8, 16, {0x1020, 0x1020, 0x31FE, 0x2D02, 0x4902, 0x79FE, 0x1100, 0x2900, 0x6DFE, 0x7F2A, 0x032A, 0x5BFE, 0x572A, 0x562A, 0x522A, 0x0006}},
    {0x7DE9, 16, {0x100C, 0x11F0, 0x3124, 0x2DA4, 0x4888, 0x79FE, 0x1040, 0x27FE, 0x7C40, 0x7CC0, 0x00FC, 0x14CC, 0x55A8, 0x5538, 0x536C, 0x0082}},
    {0x7DF4, 16, {0x0020, 0x1020, 0x13FE, 0x2420, 0x2C20, 0x69FE, 0x712E, 0x356A, 0x2522, 0x7DFE, 0x0070, 0x5468, 0x54A4, 0x5526, 0x5022, 0x0020}},
    {0x7E3D, 16, {0x0020, 0x1020, 0x31FE, 0x2522, 0x297A, 0x79CA, 0x7132, 0x117A, 0x2502, 0x7DFE, 0x4020, 0x1554, 0x5542, 0x5246, 0x4078, 0x0000}},
    {0x7E61, 16, {0x1020, 0x11FC, 0x2022, 0x2FFE, 0x4826, 0x71FC, 0x11FC, 0x2820, 0x6E2A, 0x77AE, 0x0222, 0x5AFA, 0x5222, 0x57AE, 0x522A, 0x0222}},
    {0x7E9C, 16, {0x13D0, 0x123E, 0x23E0, 0x225E, 0x4BDE, 0x7A26, 0x73FE, 0x2800, 0x29FC, 0x7DFC, 0x0104, 0x11FC, 0x55FC, 0x5490, 0x5191, 0x061E}},
    {0x7F38, 16, {0x2000, 0x2000, 0x7EFE, 0x4810, 0x4810, 0x0810, 0x7E10, 0x0810, 0x0810, 0x4A10, 0x4A10, 0x4A10, 0x4A10, 0x7E10, 0x02FE, 0x0000}},
    {0x7F3A, 16, {0x2020, 0x2020, 0x7E20, 0x58FC, 0x5834, 0x1824, 0x1824, 0x7E24, 0x18FE, 0x5A20, 0x5A28, 0x5A2C, 0x5A44, 0x7EC6, 0x0182, 0x0102}},
    {0x7F6E, 16, {0x0000, 0x3FFC, 0x2244, 0x3FFC, 0x0180, 0x7FFE, 0x0180, 0x1FF8, 0x1008, 0x1FF8, 0x1008, 0x1FF8, 0x1FF8, 0x1008, 0x7FFE, 0x0000}},
    {0x7F72, 16, {0x0000, 0x3FFC, 0x2244, 0x3FFC, 0x0100, 0x0104, 0x1FFC, 0x0130, 0x7FFE, 0x0380, 0x1FFC, 0x7804, 0x0FFC, 0x0804, 0x0FFC, 0x0000}},
    {0x7F85, 16, {0x0000, 0x3FFC, 0x2644, 0x2644, 0x3FFC, 0x1850, 0x34D8, 0x7CFE, 0x1988, 0x32FE, 0x7E88, 0x0088, 0x2AFE, 0x2A88, 0x48FE, 0x0080}},
    {0x7F8E, 16, {0x0810, 0x0C30, 0x0420, 0x7FFE, 0x0180, 0x3FFC, 0x0180, 0x0180, 0x7FFE, 0x0100, 0x7FFE, 0x0300, 0x0260, 0x0C18, 0x780E, 0x4002}},
    {0x7FA4, 16, {0x0040, 0x3E44, 0x1A64, 0x1200, 0x7FFE, 0x1210, 0x1210, 0x7E7E, 0x3010, 0x2010, 0x7F10, 0x63FE, 0x6310, 0x2310, 0x3F10, 0x2010}},
    {0x7FA9, 16, {0x0810, 0x0420, 0x3FFC, 0x0180, 0x3FFC, 0x0180, 0x7FFE, 0x0340, 0x7C4C, 0x0844, 0x7FFE, 0x0860, 0x7F38, 0x0830, 0x08FA, 0x390E}},
    {0x7FD4, 16, {0x0400, 0x47DE, 0x2842, 0x0842, 0x7F52, 0x114A, 0x10CA, 0x7C42, 0x1042, 0x10CE, 0x7DDA, 0x1372, 0x3262, 0x2042, 0x6042, 0x41CE}},
    {0x7FE0, 16, {0x0000, 0x3EFC, 0x3264, 0x0A14, 0x3A74, 0x060C, 0x0100, 0x3FFE, 0x0420, 0x0C30, 0x1E78, 0x30C8, 0x7FFE, 0x0180, 0x0180, 0x0180}},
    {0x7FE1, 16, {0x0240, 0x7E7E, 0x0240, 0x3E7C, 0x0240, 0x7E40, 0x0C7E, 0x3840, 0x7EFC, 0x0204, 0x1264, 0x0A24, 0x0E1C, 0x3A74, 0x4284, 0x0E1C}},
    {0x7FF0, 16, {0x0010, 0x1830, 0x7E68, 0x18C6, 0x1982, 0x7FFE, 0x4222, 0x7E22, 0x42AA, 0x7E2A, 0x1822, 0x186E, 0x7FBA, 0x1932, 0x1822, 0x18EC}},
    {0x7FF9, 16, {0x0800, 0x7EFC, 0x0822, 0x0822, 0x7EAA, 0x246E, 0x7E22, 0x2426, 0x7FEE, 0x00B2, 0x7F22, 0x2422, 0x24EC, 0x2402, 0x6402, 0x47FE}},
    {0x7FFC, 16, {0x0000, 0x7EFC, 0x3264, 0x1A34, 0x62C4, 0x1FFC, 0x1108, 0x1FF8, 0x1108, 0x1FF8, 0x0420, 0x3FFC, 0x7FFE, 0x0C30, 0x381C, 0x4000}},
    {0x8000, 16, {0x1000, 0x11FE, 0x553A, 0x54A2, 0x51AA, 0x1032, 0x7CC6, 0x2890, 0x29FE, 0x2B10, 0x2BFE, 0x2910, 0x6FFE, 0x4910, 0x41FE, 0x0100}},
    {0x8001, 16, {0x0200, 0x0304, 0x030C, 0x3FF8, 0x0310, 0x0360, 0x7FFE, 0x0380, 0x0600, 0x1C38, 0x77E0, 0x0700, 0x0406, 0x0604, 0x03FC, 0x0000}},
    {0x8056, 16, {0x0000, 0x7F7E, 0x2242, 0x3E42, 0x2242, 0x3E42, 0x2242, 0x7E7E, 0x0208, 0x3FE0, 0x0180, 0x0180, 0x3FFC, 0x0180, 0x7FFE, 0x0000}},
    {0x805A, 16, {0x7F80, 0x237E, 0x3F04, 0x236C, 0x3F38, 0x233C, 0x7FC6, 0x03F8, 0x3F80, 0x0188, 0x1998, 0x1998, 0x2DA4, 0x65E2, 0x0180, 0x0000}},
    {0x806F, 16, {0x0000, 0x7C88, 0x2908, 0x2B54, 0x2B9C, 0x3908, 0x2952, 0x2FFE, 0x3850, 0x2952, 0x2952, 0x79DE, 0x7850, 0x08D0, 0x0990, 0x0110}},
    {0x8077, 16, {0x0010, 0x7C94, 0x0BF4, 0x0A52, 0x0950, 0x3BFE, 0x0810, 0x0BCA, 0x3A0A, 0x0A0C, 0x0BCC, 0x6A08, 0x6BD8, 0x0A3A, 0x0A26, 0x0846}},
    {0x807D, 16, {0x0000, 0x7E30, 0x25FE, 0x3C30, 0x25FE, 0x3D02, 0x2502, 0x25FE, 0x7C00, 0x7DFE, 0x2420, 0x2410, 0x7544, 0x2542, 0x774A, 0x0478}},
    {0x8085, 16, {0x0100, 0x3FF8, 0x0108, 0x7FFE, 0x0188, 0x3FF8, 0x1FF8, 0x0100, 0x2524, 0x3D3C, 0x2104, 0x2FF4, 0x2104, 0x3D3C, 0x2524, 0x2524}},
    {0x8087, 16, {0x0800, 0x0840, 0x3E7E, 0x23C8, 0x3E38, 0x4078, 0x5FFE, 0x0188, 0x7FFE, 0x0188, 0x1FF8, 0x0180, 0x3FFC, 0x7FFE, 0x0180, 0x0000}},
    {0x808B, 16, {0x0020, 0x3C20, 0x2420, 0x2420, 0x35FE, 0x2C22, 0x2422, 0x2462, 0x2C62, 0x3C42, 0x2442, 0x6442, 0x44C6, 0x4486, 0x4784, 0x4D1C}},
    {0x809A, 16, {0x0010, 0x3C10, 0x2410, 0x2410, 0x2410, 0x3C10, 0x2DFE, 0x2410, 0x2410, 0x3C10, 0x2410, 0x6410, 0x4410, 0x4410, 0x45FE, 0x0C00}},
    {0x80B2, 16, {0x0100, 0x0180, 0x7FFE, 0x0420, 0x1818, 0x3FFC, 0x0004, 0x1FF8, 0x1008, 0x1008, 0x1FF8, 0x1008, 0x1FF8, 0x1008, 0x1008, 0x1078}},
    {0x80CC, 16, {0x0040, 0x0444, 0x7C78, 0x0440, 0x0642, 0x7C7E, 0x4000, 0x1FF8, 0x1008, 0x1FF8, 0x1008, 0x1008, 0x1FF8, 0x1008, 0x1008, 0x1038}},
    {0x80E1, 16, {0x0800, 0x087E, 0x0846, 0x0842, 0x7F42, 0x0842, 0x087E, 0x0842, 0x3E42, 0x227E, 0x2242, 0x2242, 0x2242, 0x3E42, 0x2046, 0x004C}},
    {0x80FD, 16, {0x0040, 0x1040, 0x3240, 0x227E, 0x7F40, 0x0140, 0x3F40, 0x227E, 0x2240, 0x3E40, 0x227E, 0x3E40, 0x2240, 0x2242, 0x2242, 0x267E}},
    {0x8137, 16, {0x0000, 0x38C2, 0x2B92, 0x2892, 0x2892, 0x3BF2, 0x2992, 0x29D2, 0x29D2, 0x7BB2, 0x6A92, 0x4E92, 0x4882, 0x4882, 0x4882, 0x588C}},
    {0x81B3, 16, {0x0088, 0x3CC8, 0x25FE, 0x2420, 0x25FC, 0x3C20, 0x2FFE, 0x2488, 0x2C88, 0x7FFE, 0x7400, 0x45FC, 0x4504, 0x4504, 0x45FC, 0x1904}},
    {0x81E3, 16, {0x0000, 0x3FFC, 0x2080, 0x2080, 0x2080, 0x3FF8, 0x2008, 0x2008, 0x2008, 0x3FF8, 0x2080, 0x2080, 0x2080, 0x2080, 0x3FFE, 0x0000}},
    {0x81E8, 16, {0x0080, 0x7E80, 0x49FE, 0x4900, 0x48FC, 0x7E84, 0x4284, 0x42FC, 0x4200, 0x7FEE, 0x4922, 0x4922, 0x4922, 0x4922, 0x7FEE, 0x0122}},
    {0x81EA, 16, {0x0100, 0x0100, 0x0100, 0x1FFC, 0x100C, 0x100C, 0x1FFC, 0x100C, 0x100C, 0x100C, 0x1FFC, 0x100C, 0x100C, 0x100C, 0x1FFC, 0x100C}},
    {0x81F4, 16, {0x0020, 0x7FA0, 0x1020, 0x327E, 0x2246, 0x7F44, 0x61E4, 0x08A4, 0x08AC, 0x7F38, 0x0818, 0x0818, 0x0938, 0x7FC4, 0x6186, 0x0100}},
    {0x81FA, 16, {0x0100, 0x7FFE, 0x0180, 0x3FFC, 0x1FF8, 0x1008, 0x1FF8, 0x0000, 0x7FFE, 0x5FFA, 0x0430, 0x1FF8, 0x0180, 0x1FF8, 0x7FFE, 0x0000}},
    {0x8208, 16, {0x0000, 0x3FFC, 0x2424, 0x25A4, 0x3C3C, 0x25A4, 0x2424, 0x3C3C, 0x25A4, 0x2424, 0x2424, 0x7FFE, 0x0020, 0x0C38, 0x300C, 0x4000}},
    {0x820A, 16, {0x0640, 0x7E7E, 0x0260, 0x1880, 0x1FFC, 0x3080, 0x7FF8, 0x1FF8, 0x1080, 0x1FFE, 0x3E7C, 0x3004, 0x3E7C, 0x2004, 0x3FFC, 0x2004}},
    {0x820D, 16, {0x0080, 0x0180, 0x02C0, 0x0C70, 0x181C, 0x6FF6, 0x0180, 0x3FFC, 0x0180, 0x0180, 0x1FF8, 0x1008, 0x1008, 0x1008, 0x1FF8, 0x1008}},
    {0x821E, 16, {0x0800, 0x1FFC, 0x2000, 0x4048, 0x1248, 0x3FFE, 0x1248, 0x7FFE, 0x0000, 0x1010, 0x1EFE, 0x72D0, 0x5C90, 0x0CFE, 0x1010, 0x6010}},
    {0x822A, 16, {0x0820, 0x1020, 0x3E30, 0x23FE, 0x2200, 0x2A00, 0x2AF8, 0x26C8, 0x7EC8, 0x22C8, 0x2A88, 0x2A88, 0x2288, 0x428A, 0x470E, 0x4C00}},
    {0x8239, 16, {0x0800, 0x1040, 0x3E44, 0x2244, 0x2244, 0x2A44, 0x2AC4, 0x2F86, 0x7E00, 0x22FE, 0x2A86, 0x2A86, 0x2286, 0x42C6, 0x42FE, 0x4C80}},
    {0x826F, 16, {0x0100, 0x0180, 0x1FF8, 0x1008, 0x1008, 0x1FF8, 0x1008, 0x1008, 0x1FF8, 0x1104, 0x118C, 0x10F0, 0x1060, 0x1330, 0x3E0E, 0x1000}},
    {0x829D, 16, {0x0810, 0x0810, 0x7FFE, 0x0810, 0x0910, 0x0180, 0x3FF8, 0x0018, 0x0030, 0x0060, 0x00C0, 0x0180, 0x0300, 0x1C00, 0x6600, 0x41FE}},
    {0x82B1, 16, {0x0420, 0x0420, 0x7FFE, 0x0420, 0x0420, 0x0CC0, 0x08C4, 0x18CC, 0x38F8, 0x78E0, 0x48C0, 0x08C0, 0x08C2, 0x08C2, 0x087E, 0x0000}},
    {0x82B3, 16, {0x0810, 0x0810, 0x7FFE, 0x0810, 0x0990, 0x0080, 0x7FFE, 0x0600, 0x0400, 0x07F8, 0x0408, 0x0C08, 0x0808, 0x1808, 0x3018, 0x40F0}},
    {0x82B7, 16, {0x0810, 0x0810, 0x7FFE, 0x0810, 0x0810, 0x0080, 0x0080, 0x1080, 0x10FC, 0x1080, 0x1080, 0x1080, 0x1080, 0x1080, 0x7FFE, 0x0000}},
    {0x82D1, 16, {0x0420, 0x0420, 0x7FFE, 0x0420, 0x0C20, 0x1800, 0x1F7C, 0x3144, 0x2344, 0x7244, 0x4E44, 0x044C, 0x0C40, 0x1842, 0x707E, 0x0000}},
    {0x82E5, 16, {0x0810, 0x0810, 0x7FFE, 0x0810, 0x0910, 0x0300, 0x7FFE, 0x0600, 0x0400, 0x0C00, 0x1FFC, 0x3804, 0x6804, 0x0804, 0x0FFC, 0x0804}},
    {0x82F1, 16, {0x0810, 0x0810, 0x7FFE, 0x0810, 0x0990, 0x0180, 0x1FFC, 0x118C, 0x118C, 0x318C, 0x7FFE, 0x0100, 0x0260, 0x0C18, 0x3806, 0x6002}},
    {0x8302, 16, {0x0420, 0x0420, 0x7FFE, 0x0420, 0x04A8, 0x0084, 0x3FFE, 0x3080, 0x3088, 0x20C8, 0x2050, 0x2070, 0x2060, 0x21F2, 0x471A, 0x4C0E}},
    {0x8303, 16, {0x0810, 0x0810, 0x7FFE, 0x0810, 0x0000, 0x39FC, 0x0904, 0x0104, 0x6104, 0x3104, 0x013C, 0x0D00, 0x1902, 0x3102, 0x61FE, 0x0000}},
    {0x8305, 16, {0x0420, 0x0420, 0x7FFE, 0x0420, 0x3FF8, 0x0038, 0x0670, 0x03C0, 0x00C0, 0x7FFE, 0x0384, 0x068C, 0x1888, 0x7080, 0x4080, 0x0780}},
    {0x8318, 16, {0x0810, 0x7FFE, 0x0810, 0x0000, 0x3FF8, 0x0308, 0x0208, 0x0C08, 0x3878, 0x0000, 0x7EFE, 0x1226, 0x1226, 0x2246, 0x62C4, 0x4C9C}},
    {0x8335, 16, {0x0420, 0x7FFE, 0x0420, 0x0000, 0x3FFC, 0x2004, 0x2104, 0x2104, 0x2FF4, 0x2184, 0x21C4, 0x2264, 0x2C34, 0x2004, 0x3FFC, 0x2004}},
    {0x8336, 16, {0x0810, 0x0810, 0x7EFE, 0x0810, 0x0990, 0x03C0, 0x0430, 0x199C, 0x6186, 0x1FF8, 0x03C0, 0x07E0, 0x0D90, 0x198C, 0x7184, 0x0100}},
    {0x8343, 16, {0x0810, 0x0810, 0x7FFE, 0x0810, 0x0390, 0x01C0, 0x0660, 0x1C38, 0x7FFE, 0x0180, 0x0180, 0x1FF8, 0x0180, 0x0180, 0x7FFE, 0x0000}},
    {0x8349, 16, {0x0810, 0x7FFE, 0x0810, 0x0010, 0x1FF8, 0x1008, 0x1008, 0x1FF8, 0x1008, 0x1FF8, 0x0180, 0x0180, 0x7FFE, 0x0180, 0x0180, 0x0100}},
    {0x8354, 16, {0x0810, 0x7FFE, 0x0810, 0x0100, 0x3FF8, 0x0308, 0x0608, 0x3C38, 0x1000, 0x1020, 0x7EFE, 0x1226, 0x1226, 0x3264, 0x22C4, 0x4E9C}},
    {0x8377, 16, {0x0000, 0x0C20, 0x7E7E, 0x0C20, 0x0800, 0x1BFE, 0x100C, 0x300C, 0x73EC, 0x522C, 0x122C, 0x122C, 0x13EC, 0x120C, 0x100C, 0x1038}},
    {0x8386, 16, {0x0810, 0x7FFE, 0x0810, 0x0990, 0x018C, 0x7FFE, 0x0180, 0x1FFC, 0x1184, 0x1184, 0x1FFC, 0x1184, 0x1FFC, 0x1184, 0x1184, 0x11BC}},
    {0x838A, 16, {0x0810, 0x0810, 0x7FFE, 0x0810, 0x0010, 0x0420, 0x2420, 0x2420, 0x3FFE, 0x0420, 0x7C20, 0x2420, 0x2420, 0x2420, 0x45FE, 0x4400}},
    {0x838E, 16, {0x0420, 0x0420, 0x7FFE, 0x0420, 0x0000, 0x3040, 0x1948, 0x0344, 0x6246, 0x3642, 0x0448, 0x08D8, 0x1030, 0x3060, 0x63C0, 0x0200}},
    {0x83C1, 16, {0x0810, 0x7FFE, 0x0810, 0x3FFC, 0x0180, 0x1FFC, 0x0180, 0x7FFE, 0x0000, 0x1FF8, 0x1008, 0x1FF8, 0x1008, 0x1FF8, 0x1008, 0x1038}},
    {0x83CA, 16, {0x0010, 0x0C10, 0x7FFE, 0x0C10, 0x1800, 0x1FFE, 0x3006, 0x7926, 0x4966, 0x0144, 0x3FF4, 0x0784, 0x0D44, 0x1924, 0x6104, 0x011C}},
    {0x83DC, 16, {0x0810, 0x7EFE, 0x0810, 0x0000, 0x00FC, 0x3FC0, 0x0104, 0x1108, 0x1118, 0x0180, 0x7FFE, 0x03C0, 0x05A0, 0x1998, 0x6186, 0x0100}},
    {0x83E0, 16, {0x0420, 0x7E7E, 0x0420, 0x0020, 0x3020, 0x13FE, 0x0226, 0x6220, 0x33FC, 0x028C, 0x0288, 0x1658, 0x3470, 0x2478, 0x6F8E, 0x0802}},
    {0x83EF, 16, {0x0420, 0x7FFE, 0x0420, 0x0000, 0x7FFE, 0x0180, 0x0990, 0x7FFE, 0x1998, 0x0180, 0x7FFE, 0x0180, 0x0180, 0x3FFC, 0x0180, 0x0180}},
    {0x83F2, 16, {0x0810, 0x0810, 0x7FFE, 0x0810, 0x0240, 0x7E7E, 0x0240, 0x0240, 0x3E7E, 0x0240, 0x0240, 0x0640, 0x7C7E, 0x0C40, 0x1840, 0x2040}},
    {0x83F4, 16, {0x0810, 0x08FE, 0x0810, 0x0300, 0x7FFE, 0x0420, 0x0D90, 0x1998, 0x3FFC, 0x518A, 0x1FF8, 0x1188, 0x1FF8, 0x1182, 0x0182, 0x00FE}},
    {0x8403, 16, {0x0810, 0x7FFE, 0x0810, 0x0910, 0x0180, 0x3FFC, 0x0400, 0x0C20, 0x0E70, 0x32CC, 0x0180, 0x7FFE, 0x0180, 0x0180, 0x0180, 0x0000}},
    {0x840A, 16, {0x0810, 0x0810, 0x7FFE, 0x0810, 0x0180, 0x7FFE, 0x0180, 0x1190, 0x1998, 0x2DBC, 0x63E6, 0x07E0, 0x0DB0, 0x399C, 0x6186, 0x0100}},
    {0x842C, 16, {0x0420, 0x7FFE, 0x0420, 0x0000, 0x1FF8, 0x1188, 0x1FF8, 0x1188, 0x1FF8, 0x2180, 0x7FFC, 0x2184, 0x21A4, 0x2FF4, 0x2014, 0x200C}},
    {0x843C, 16, {0x0810, 0x7EFE, 0x0810, 0x0000, 0x3E7C, 0x2244, 0x3E7C, 0x0000, 0x3FFC, 0x0000, 0x7FFE, 0x0800, 0x1FF8, 0x0008, 0x0018, 0x0070}},
    {0x843D, 16, {0x0C20, 0x7FFE, 0x0C30, 0x0080, 0x2080, 0x19FC, 0x0388, 0x06D0, 0x6070, 0x11DC, 0x0606, 0x0BFC, 0x1304, 0x3304, 0x63FC, 0x0004}},
    {0x8449, 16, {0x0810, 0x7FFE, 0x0810, 0x1110, 0x1110, 0x7FFE, 0x1110, 0x11F0, 0x1000, 0x1FFE, 0x0180, 0x7FFE, 0x03C0, 0x0DB0, 0x398E, 0x4102}},
    {0x8457, 16, {0x0810, 0x7FFE, 0x0810, 0x0810, 0x0304, 0x3FFC, 0x0310, 0x7FFE, 0x0380, 0x0E00, 0x7FFC, 0x080C, 0x0FFC, 0x080C, 0x0FFC, 0x0800}},
    {0x846C, 16, {0x0810, 0x7EFE, 0x0810, 0x0000, 0x7FFE, 0x0840, 0x1F5C, 0x7260, 0x0E42, 0x187E, 0x6420, 0x0420, 0x7FFE, 0x0420, 0x1820, 0x2020}},
    {0x8475, 16, {0x0420, 0x7FFE, 0x0C20, 0x0000, 0x3E58, 0x0260, 0x142C, 0x1818, 0x3FEC, 0x6186, 0x0180, 0x3FFC, 0x0100, 0x0670, 0x1C1C, 0x2004}},
    {0x8499, 16, {0x0420, 0x7FFE, 0x0420, 0x3FFC, 0x6006, 0x6FF6, 0x0000, 0x3FFC, 0x0600, 0x1918, 0x63E0, 0x0CE0, 0x33D0, 0x06D8, 0x388C, 0x2384}},
    {0x84B2, 16, {0x0810, 0x7FFE, 0x0810, 0x0008, 0x3044, 0x17FE, 0x0040, 0x63FC, 0x3244, 0x0244, 0x03FC, 0x1244, 0x33FC, 0x2244, 0x6244, 0x424C}},
    {0x84EC, 16, {0x0810, 0x7FFE, 0x0810, 0x2080, 0x31FC, 0x1388, 0x7870, 0x10CC, 0x2622, 0x7BFC, 0x09FC, 0x1020, 0x13FE, 0x3820, 0x6C00, 0x43FE}},
    {0x84EE, 16, {0x0810, 0x7FFE, 0x0810, 0x2060, 0x17FE, 0x0060, 0x7BFC, 0x1264, 0x23FC, 0x7A64, 0x0BFC, 0x1060, 0x17FE, 0x3860, 0x6C00, 0x43FE}},
    {0x8521, 16, {0x0810, 0x7EFE, 0x0810, 0x0800, 0x1F7C, 0x334C, 0x6A68, 0x0430, 0x1FF8, 0x3006, 0x4000, 0x3FFC, 0x0180, 0x1998, 0x318C, 0x0700}},
    {0x852C, 16, {0x0810, 0x7FFE, 0x0810, 0x0020, 0x7E20, 0x05FE, 0x0848, 0x0884, 0x09FE, 0x0E00, 0x08A4, 0x08A4, 0x08A4, 0x7FA5, 0x7125, 0x0206}},
    {0x852D, 16, {0x0420, 0x7FFE, 0x0420, 0x0020, 0x3C70, 0x2D9C, 0x2E76, 0x2800, 0x31F8, 0x2808, 0x2DFC, 0x2400, 0x27FE, 0x3888, 0x23FC, 0x0202}},
    {0x8534, 16, {0x0420, 0x7FFE, 0x0420, 0x0080, 0x3FFE, 0x2000, 0x2210, 0x2210, 0x3FFE, 0x2618, 0x2738, 0x2FB4, 0x2A56, 0x72D2, 0x4210, 0x4210}},
    {0x8549, 16, {0x0810, 0x7EFE, 0x0810, 0x0080, 0x1880, 0x1FFC, 0x3080, 0x7FFC, 0x1080, 0x1FFC, 0x1080, 0x1FFC, 0x1000, 0x2044, 0x6246, 0x4202}},
    {0x8559, 16, {0x0420, 0x7FFE, 0x0420, 0x7FFC, 0x0180, 0x1FF8, 0x3184, 0x3FFC, 0x3184, 0x1FFC, 0x3FF8, 0x0104, 0x0588, 0x34CC, 0x2436, 0x47E2}},
    {0x8584, 16, {0x0420, 0x7FFE, 0x0428, 0x206C, 0x37FE, 0x1040, 0x03FC, 0x63FC, 0x3244, 0x03FC, 0x0244, 0x120C, 0x17FE, 0x2108, 0x6088, 0x4030}},
    {0x8588, 16, {0x0420, 0x7FFE, 0x0420, 0x0380, 0x0660, 0x3FFE, 0x6002, 0x3FFC, 0x2524, 0x3FFC, 0x0000, 0x1FF8, 0x1008, 0x1FE8, 0x1FF8, 0x0000}},
    {0x85CD, 16, {0x0810, 0x7EFE, 0x0810, 0x3F20, 0x2420, 0x3F7E, 0x2140, 0x3FC0, 0x2480, 0x3F3C, 0x0000, 0x1FFC, 0x124C, 0x124C, 0x7FFE, 0x0000}},
    {0x85DD, 16, {0x0420, 0x7FFE, 0x0420, 0x3E20, 0x08FC, 0x7F24, 0x22E4, 0x4874, 0x3E54, 0x78C2, 0x1FF8, 0x0000, 0x7FFE, 0x0C30, 0x39F8, 0x3804}},
    {0x8605, 16, {0x0420, 0x7FFE, 0x0420, 0x1200, 0x33DE, 0x6480, 0x5FE0, 0x153E, 0x37E4, 0x7524, 0x77E4, 0x3104, 0x3FE4, 0x3184, 0x3264, 0x240C}},
    {0x8606, 16, {0x0420, 0x7FFE, 0x0420, 0x01FC, 0x0180, 0x3FFE, 0x2FF0, 0x21F8, 0x27F8, 0x2488, 0x24C8, 0x27F8, 0x2FFC, 0x4924, 0x5FFE, 0x0000}},
    {0x8607, 16, {0x0420, 0x7E7E, 0x0420, 0x1004, 0x1E38, 0x24D0, 0x7F10, 0x6910, 0x29FE, 0x3F38, 0x2938, 0x3F54, 0x0056, 0x5592, 0x5510, 0x0010}},
    {0x862D, 16, {0x0810, 0x7FFE, 0x0810, 0x3E7C, 0x2244, 0x3E7C, 0x3E7C, 0x2104, 0x2FF4, 0x27E4, 0x2814, 0x2A54, 0x27E4, 0x23C4, 0x2D24, 0x200C}},
    {0x863F, 16, {0x0420, 0x7FFE, 0x0420, 0x3FFC, 0x2244, 0x2244, 0x3FFC, 0x3090, 0x7CFE, 0x1990, 0x37FC, 0x7E90, 0x00FC, 0x2090, 0x4AFE, 0x0080}},
    {0x864E, 16, {0x0100, 0x0100, 0x01F8, 0x0100, 0x3FFE, 0x2104, 0x2174, 0x2FC0, 0x2100, 0x21F8, 0x2000, 0x2220, 0x2220, 0x2222, 0x4622, 0x5C3E}},
    {0x8655, 16, {0x0100, 0x01FC, 0x0100, 0x3FFE, 0x2106, 0x2FF4, 0x2100, 0x20FC, 0x2400, 0x2F78, 0x2948, 0x3D48, 0x264A, 0x4684, 0x4F80, 0x58FE}},
    {0x865F, 16, {0x0020, 0x7C3E, 0x4420, 0x4420, 0x7DFE, 0x0122, 0x01FA, 0x7D20, 0x213C, 0x2100, 0x3D08, 0x0548, 0x0548, 0x094A, 0x0B8E, 0x3A00}},
    {0x8679, 16, {0x0800, 0x0800, 0x08FE, 0x0810, 0x7E10, 0x4A10, 0x4A10, 0x4A10, 0x7E10, 0x4810, 0x0A10, 0x0A10, 0x1E10, 0x7910, 0x01FE, 0x0000}},
    {0x86DF, 16, {0x0020, 0x1030, 0x1010, 0x79FE, 0x5200, 0x52C4, 0x5286, 0x5302, 0x7E48, 0x5048, 0x1438, 0x1630, 0x1E30, 0x7A68, 0x00C6, 0x0102}},
    {0x8774, 16, {0x1080, 0x109E, 0x1092, 0x7C92, 0x57F2, 0x549E, 0x5492, 0x5492, 0x57D2, 0x7E5E, 0x5252, 0x1252, 0x1652, 0x3FD2, 0x6612, 0x0016}},
    {0x8776, 16, {0x1024, 0x1124, 0x13FE, 0x7D24, 0x5524, 0x553C, 0x5500, 0x55FE, 0x7C20, 0x5020, 0x13FE, 0x1470, 0x1CA8, 0x75A4, 0x4322, 0x0020}},
    {0x878D, 16, {0x0000, 0x7F10, 0x0010, 0x3F10, 0x217E, 0x2152, 0x3F52, 0x7F52, 0x4152, 0x557E, 0x5510, 0x5F14, 0x4912, 0x491E, 0x497E, 0x4300}},
    {0x87E0, 16, {0x1004, 0x11F0, 0x1024, 0x7CA4, 0x54A8, 0x57FE, 0x5478, 0x54A4, 0x7F02, 0x51FE, 0x1526, 0x1526, 0x15FE, 0x7D26, 0x03FE, 0x0100}},
    {0x8814, 16, {0x1020, 0x13FE, 0x1000, 0x7CFC, 0x5404, 0x54FC, 0x5400, 0x5602, 0x57FE, 0x7C40, 0x51A4, 0x1458, 0x15B4, 0x3CD6, 0x4792, 0x0030}},
    {0x8840, 16, {0x0100, 0x0100, 0x0300, 0x0200, 0x3FFC, 0x2244, 0x2244, 0x2244, 0x2244, 0x2244, 0x2244, 0x2244, 0x2244, 0x3244, 0x7FFE, 0x0000}},
    {0x884C, 16, {0x0800, 0x19FE, 0x3000, 0x6000, 0x4C00, 0x0800, 0x1BFE, 0x3008, 0x7008, 0x5008, 0x1008, 0x1008, 0x1008, 0x1008, 0x1018, 0x1070}},
    {0x884D, 16, {0x0000, 0x133E, 0x2180, 0x4000, 0x0800, 0x1000, 0x337E, 0x7108, 0x5008, 0x1088, 0x1088, 0x1108, 0x1108, 0x1208, 0x1208, 0x1038}},
    {0x8857, 16, {0x1100, 0x311E, 0x67C0, 0x4100, 0x1900, 0x1100, 0x37FE, 0x6104, 0xE104, 0x27E4, 0x2104, 0x2104, 0x2124, 0x2FE4, 0x2004, 0x0018}},
    {0x8859, 16, {0x1000, 0x37FE, 0x6100, 0x4100, 0x1FC0, 0x1240, 0x325E, 0x6244, 0xE7E4, 0x2004, 0x27C4, 0x2444, 0x2444, 0x27C4, 0x2404, 0x201C}},
    {0x885B, 16, {0x1100, 0x37DE, 0x6240, 0x4240, 0x1FE0, 0x3000, 0x27FE, 0x6424, 0xE7E4, 0x2084, 0x2FE4, 0x2484, 0x2484, 0x27F4, 0x2084, 0x209C}},
    {0x8861, 16, {0x1000, 0x320E, 0x63C0, 0x4480, 0x1FE0, 0x1420, 0x343E, 0x67E4, 0x6424, 0x27E4, 0x2104, 0x27E4, 0x2184, 0x2244, 0x2624, 0x201C}},
    {0x8863, 16, {0x0100, 0x0180, 0x0080, 0x7FFE, 0x0380, 0x0280, 0x04C4, 0x1C4C, 0x3858, 0x6830, 0x0820, 0x0810, 0x0818, 0x0FCC, 0x0E02, 0x0000}},
    {0x8868, 16, {0x0000, 0x0180, 0x3FFC, 0x0180, 0x3FFC, 0x0180, 0x0180, 0x7FFE, 0x0280, 0x0C44, 0x1858, 0x6830, 0x0810, 0x098C, 0x0F06, 0x0800}},
    {0x88C1, 16, {0x0420, 0x0428, 0x3FA4, 0x0424, 0x0420, 0x7FFE, 0x0020, 0x0424, 0x7FA4, 0x082C, 0x15B8, 0x7718, 0x5132, 0x10B2, 0x1CCA, 0x008E}},
    {0x88D5, 16, {0x1000, 0x1088, 0x0084, 0x7D26, 0x0D20, 0x0870, 0x1858, 0x3488, 0x3D04, 0x5FFE, 0x1784, 0x1104, 0x1104, 0x1104, 0x11FC, 0x1104}},
    {0x88D8, 16, {0x0030, 0x0188, 0x7FFE, 0x018C, 0x1DB8, 0x05A0, 0x0DF0, 0x730C, 0x0100, 0x7FFE, 0x0284, 0x0C48, 0x7C70, 0x0C98, 0x0F0E, 0x0800}},
    {0x88DD, 16, {0x0420, 0x2420, 0x2420, 0x3DFE, 0x0420, 0x7C20, 0x2420, 0x65FE, 0x4500, 0x7FFE, 0x0684, 0x1C4C, 0x6830, 0x0818, 0x0F8E, 0x0802}},
    {0x8914, 16, {0x0000, 0x13FE, 0x0000, 0x7DFC, 0x0904, 0x0904, 0x11FC, 0x3400, 0x3BFE, 0x5722, 0x1722, 0x13FE, 0x1322, 0x1322, 0x13FE, 0x1002}},
    {0x897F, 16, {0x0000, 0x7FFE, 0x0240, 0x0240, 0x0240, 0x3FFC, 0x2244, 0x2644, 0x2444, 0x287C, 0x3004, 0x2004, 0x2004, 0x2004, 0x3FFC, 0x2004}},
    {0x8981, 16, {0x0000, 0x7FFE, 0x0640, 0x0640, 0x3FFC, 0x2644, 0x2644, 0x3FFC, 0x0200, 0x0610, 0x7FFE, 0x0820, 0x1860, 0x07C0, 0x0F78, 0x780C}},
    {0x898B, 16, {0x0000, 0x1FF8, 0x1008, 0x1008, 0x1FF8, 0x1008, 0x1008, 0x1FF8, 0x1008, 0x1FF8, 0x0440, 0x0440, 0x0C42, 0x0842, 0x3842, 0x607E}},
    {0x8996, 16, {0x0000, 0x10FE, 0x0886, 0x7C86, 0x04FE, 0x0C86, 0x08FE, 0x1886, 0x3C86, 0x56FE, 0x1058, 0x1058, 0x10D8, 0x109A, 0x119A, 0x120E}},
    {0x89AA, 16, {0x0000, 0x08FE, 0x7F86, 0x2286, 0x26FE, 0x1486, 0x7F86, 0x08FE, 0x0886, 0x7FFE, 0x1C68, 0x1E48, 0x2B48, 0x484A, 0x088A, 0x090E}},
    {0x89BA, 16, {0x0438, 0x1188, 0x1C38, 0x1188, 0x1DB8, 0x33CC, 0x6006, 0x4FF2, 0x1810, 0x1FF0, 0x1FF0, 0x1810, 0x0FF0, 0x0442, 0x0C42, 0x707E}},
    {0x89BD, 16, {0x0040, 0x7F7E, 0x4880, 0x7E3C, 0x7E7E, 0x484A, 0x3F7E, 0x1FF8, 0x1008, 0x1FF8, 0x1FF8, 0x1008, 0x1FF8, 0x0442, 0x1C42, 0x607E}},
    {0x89C0, 16, {0x1400, 0x77FE, 0x1442, 0x7742, 0x557E, 0x5542, 0x777E, 0x2442, 0x3F42, 0x647E, 0x7F28, 0x2428, 0x3F28, 0x244A, 0x3FCA, 0x208E}},
    {0x89D2, 16, {0x0400, 0x07E0, 0x0860, 0x1840, 0x3FFC, 0x7084, 0x1084, 0x1084, 0x1FFC, 0x1084, 0x1084, 0x1FFC, 0x3004, 0x2004, 0x6004, 0x4038}},
    {0x89E3, 16, {0x1000, 0x10FE, 0x3C22, 0x2422, 0x7E42, 0x69CC, 0x2950, 0x3F50, 0x29FE, 0x2990, 0x3F10, 0x21FE, 0x4110, 0x4110, 0x4310, 0x4610}},
    {0x8A08, 16, {0x1010, 0x1810, 0x0810, 0x7F10, 0x0010, 0x3E10, 0x00FE, 0x0010, 0x3E10, 0x0010, 0x3E10, 0x2210, 0x2210, 0x2210, 0x3E10, 0x2010}},
    {0x8A0A, 16, {0x1000, 0x11FC, 0x004C, 0x7E44, 0x0044, 0x7C44, 0x0044, 0x0044, 0x7DF4, 0x0044, 0x7C44, 0x4444, 0x4444, 0x4446, 0x7C46, 0x0040}},
    {0x8A13, 16, {0x0000, 0x1092, 0x0092, 0x7C92, 0x0092, 0x7C92, 0x0092, 0x0092, 0x7C92, 0x0092, 0x7C92, 0x4492, 0x4512, 0x4512, 0x7F02, 0x4202}},
    {0x8A18, 16, {0x1000, 0x10FC, 0x0004, 0x7E04, 0x0004, 0x7C04, 0x0004, 0x00FC, 0x7E84, 0x0080, 0x7C80, 0x4480, 0x4482, 0x4482, 0x7CFE, 0x0000}},
    {0x8A2D, 16, {0x1000, 0x10F8, 0x0088, 0x7E88, 0x0088, 0x7D8E, 0x0100, 0x0000, 0x7FFC, 0x0084, 0x7C8C, 0x4458, 0x4470, 0x4470, 0x7DDC, 0x0302}},
    {0x8A31, 16, {0x0040, 0x10C0, 0x10C0, 0x7EFE, 0x0190, 0x7F10, 0x0110, 0x0010, 0x7DFE, 0x0010, 0x7C10, 0x4410, 0x4410, 0x4410, 0x7C10, 0x0010}},
    {0x8A3A, 16, {0x0020, 0x1030, 0x0058, 0x7CC8, 0x0186, 0x7F22, 0x0060, 0x00C0, 0x7D98, 0x0030, 0x7C64, 0x44C4, 0x4408, 0x4430, 0x7CE0, 0x0180}},
    {0x8A69, 16, {0x0030, 0x1030, 0x11FE, 0x7C30, 0x0030, 0x7FFE, 0x03FE, 0x0008, 0x7C08, 0x01FE, 0x7C08, 0x4488, 0x4448, 0x4408, 0x7C08, 0x4038}},
    {0x8A8C, 16, {0x0020, 0x1020, 0x1020, 0x7FFE, 0x0020, 0x7820, 0x0020, 0x01FE, 0x7820, 0x0030, 0x7D44, 0x4544, 0x474A, 0x464A, 0x7C78, 0x0000}},
    {0x8AA0, 16, {0x2014, 0x3016, 0x1010, 0x7FFE, 0x0310, 0x7A10, 0x0212, 0x03D6, 0x7A54, 0x025C, 0x7A4C, 0x4A48, 0x4A58, 0x4ADA, 0x7E2E, 0x4006}},
    {0x8AA4, 16, {0x0000, 0x107C, 0x1144, 0x7D44, 0x0144, 0x7D7C, 0x0100, 0x01FE, 0x7C26, 0x0026, 0x7FFE, 0x4420, 0x4470, 0x44CC, 0x7D86, 0x4200}},
    {0x8ABF, 16, {0x0000, 0x11FE, 0x1102, 0x7D22, 0x01FA, 0x7D22, 0x01FA, 0x7922, 0x0222, 0x7AFA, 0x4A8A, 0x4A8A, 0x4AFA, 0x7E82, 0x4602, 0x000E}},
    {0x8ACB, 16, {0x1020, 0x11FE, 0x0020, 0x7DFE, 0x0020, 0x7DFE, 0x0000, 0x00FC, 0x7C84, 0x0084, 0x7CFC, 0x4484, 0x44FC, 0x4484, 0x7C84, 0x408C}},
    {0x8AFE, 16, {0x0080, 0x108C, 0x13FE, 0x7C8C, 0x00C4, 0x7C20, 0x03FE, 0x0040, 0x7CC0, 0x0080, 0x7DFE, 0x4782, 0x4482, 0x4482, 0x7CFE, 0x4080}},
    {0x8B19, 16, {0x0008, 0x1088, 0x1090, 0x7FFE, 0x0090, 0x7BFC, 0x0094, 0x03FE, 0x7894, 0x0094, 0x7BFC, 0x4998, 0x4998, 0x4E94, 0x7E92, 0x4090}},
    {0x8B1D, 16, {0x0000, 0x3104, 0x13C4, 0x7A44, 0x027E, 0x7BC6, 0x0244, 0x03D4, 0x7A74, 0x03EC, 0x78CC, 0x48C4, 0x4B44, 0x4E44, 0x7844, 0x01CC}},
    {0x8B5A, 16, {0x0000, 0x13FE, 0x1050, 0x7DFE, 0x0152, 0x7DFE, 0x0000, 0x01FE, 0x7D02, 0x01FE, 0x7D02, 0x45FE, 0x4420, 0x47FE, 0x7C20, 0x4020}},
    {0x8B66, 16, {0x1420, 0x7720, 0x207E, 0x3FC4, 0x7998, 0x273C, 0x3FC2, 0x0100, 0x7FFE, 0x0000, 0x1FF8, 0x1FF8, 0x0000, 0x1FF8, 0x1008, 0x1FF8}},
    {0x8B70, 16, {0x0000, 0x3088, 0x13FE, 0x7C20, 0x01FC, 0x7820, 0x03FE, 0x0050, 0x7B94, 0x0092, 0x7FFE, 0x4890, 0x4BEC, 0x4888, 0x78BA, 0x4186}},
    {0x8B77, 16, {0x0048, 0x13CE, 0x0048, 0x7C90, 0x01FE, 0x7D10, 0x03FC, 0x01FC, 0x7D10, 0x01FE, 0x7C00, 0x45FC, 0x44CC, 0x4478, 0x7DFC, 0x4302}},
    {0x8B7D, 16, {0x003C, 0x33C4, 0x3BFC, 0x204C, 0x3A78, 0x1088, 0x7FFE, 0x1918, 0x7FFE, 0x4000, 0x0000, 0x1FF8, 0x1FF8, 0x1008, 0x1FF8, 0x1008}},
    {0x8B80, 16, {0x2020, 0x33FE, 0x1020, 0x7DFE, 0x03FE, 0x7A52, 0x0382, 0x7BFE, 0x01FC, 0x0104, 0x79FC, 0x49FC, 0x4904, 0x49FC, 0x7D8C, 0x4602}},
    {0x8B8A, 16, {0x1108, 0x2108, 0x2BD4, 0x73DC, 0x280A, 0x7BDE, 0x03C2, 0x4A5A, 0x53C2, 0x0400, 0x0FFE, 0x3C10, 0x6660, 0x03C0, 0x3E7C, 0x6006}},
    {0x8B93, 16, {0x0020, 0x13FE, 0x0000, 0x7DDE, 0x0152, 0x79DE, 0x0088, 0x03FE, 0x78C8, 0x01FC, 0x7BFE, 0x48D0, 0x4B9C, 0x4B8C, 0x78E6, 0x4000}},
    {0x8C37, 16, {0x0000, 0x0430, 0x0818, 0x300C, 0x2184, 0x03C0, 0x0660, 0x0C30, 0x381C, 0x7FFE, 0x0818, 0x0818, 0x0818, 0x0818, 0x0FF8, 0x0810}},
    {0x8C49, 16, {0x0010, 0x7E10, 0x0010, 0x01FE, 0x7E10, 0x4210, 0x4210, 0x42FE, 0x7E84, 0x0444, 0x2448, 0x2438, 0x2C30, 0x3E78, 0x61CE, 0x0102}},
    {0x8C50, 16, {0x0000, 0x2FF4, 0x25A4, 0x2FF4, 0x2FF4, 0x25A4, 0x3FFC, 0x0000, 0x7FFE, 0x1FF8, 0x1008, 0x1008, 0x1FF8, 0x0420, 0x7FFE, 0x0000}},
    {0x8C61, 16, {0x0400, 0x0FC0, 0x1840, 0x30C0, 0x7FFC, 0x310C, 0x1FFC, 0x0600, 0x3918, 0x23F0, 0x0CD0, 0x31D8, 0x0648, 0x1C4C, 0x7046, 0x0380}},
    {0x8C6A, 16, {0x0180, 0x7FFE, 0x0000, 0x1FF8, 0x1008, 0x1FF8, 0x0000, 0x7FFE, 0x4002, 0x5FFA, 0x0F08, 0x33B0, 0x0CD0, 0x2358, 0x1C8C, 0x2380}},
    {0x8C6B, 16, {0x00C0, 0x7CF8, 0x0D98, 0x0910, 0x33FE, 0x0922, 0xFDFE, 0x1440, 0x15A4, 0x1678, 0x10D4, 0x1334, 0x1054, 0x1192, 0x1212, 0x6060}},
    {0x8C9D, 16, {0x0000, 0x1FF8, 0x1008, 0x1008, 0x1FF8, 0x1008, 0x1008, 0x1FF8, 0x1008, 0x1008, 0x1008, 0x1FF8, 0x0000, 0x0C30, 0x380C, 0x6006}},
    {0x8CA1, 16, {0x0008, 0x7E08, 0x6208, 0x6208, 0x7EFE, 0x6218, 0x6218, 0x7E18, 0x6228, 0x6228, 0x7E48, 0x00C8, 0x2588, 0x2208, 0x6208, 0x4038}},
    {0x8CA2, 16, {0x0000, 0x3FFC, 0x0180, 0x0180, 0x7FFE, 0x0000, 0x1FF8, 0x1008, 0x1FF8, 0x1008, 0x1FF8, 0x1008, 0x1FF8, 0x0420, 0x381C, 0x6006}},
    {0x8CA8, 16, {0x0400, 0x09BC, 0x39C0, 0x4982, 0x08FE, 0x0000, 0x1FF8, 0x1008, 0x1FF8, 0x1008, 0x1FF8, 0x1008, 0x1FF8, 0x0420, 0x381C, 0x6006}},
    {0x8CAB, 16, {0x0FF8, 0x1888, 0x7FFE, 0x1108, 0x1FF8, 0x0000, 0x1FF8, 0x1008, 0x1FF8, 0x1008, 0x1FF8, 0x1008, 0x1FF8, 0x0420, 0x381C, 0x6006}},
    {0x8CB4, 16, {0x0000, 0x1FF8, 0x1188, 0x1FF8, 0x0180, 0x7FFE, 0x0000, 0x1FF8, 0x1008, 0x1FF8, 0x1FF8, 0x1008, 0x1FF8, 0x0420, 0x381C, 0x6004}},
    {0x8CBF, 16, {0x0200, 0x3CFE, 0x2024, 0x2664, 0x39DC, 0x2000, 0x1FF8, 0x1008, 0x1FF8, 0x1008, 0x1FF8, 0x1008, 0x1FF8, 0x0420, 0x381C, 0x6004}},
    {0x8CC7, 16, {0x0080, 0x19FE, 0x0244, 0x0060, 0x3998, 0x630E, 0x1FF8, 0x1008, 0x1FF8, 0x1008, 0x1FF8, 0x1008, 0x1FF8, 0x0420, 0x381C, 0x2004}},
    {0x8CC8, 16, {0x0000, 0x7FFE, 0x0240, 0x3FFC, 0x2244, 0x3FFC, 0x0000, 0x1008, 0x1FF8, 0x1008, 0x1FF8, 0x1008, 0x1FF8, 0x0420, 0x381C, 0x2004}},
    {0x8CD3, 16, {0x0100, 0x7FFE, 0x6006, 0x4FF6, 0x0910, 0x19F0, 0x37C0, 0x7FF8, 0x1008, 0x1FF8, 0x1008, 0x1FF8, 0x1008, 0x1FF8, 0x1C38, 0x6006}},
    {0x8CDE, 16, {0x0008, 0x0998, 0x7FFE, 0x6002, 0x6FF2, 0x0810, 0x0FF0, 0x1FF8, 0x1008, 0x1FF8, 0x1008, 0x1FF8, 0x1008, 0x1FF8, 0x0C38, 0x7004}},
    {0x8CE2, 16, {0x0000, 0x3FFE, 0x3E44, 0x2128, 0x3E38, 0x3FCE, 0x0000, 0x1FF8, 0x1008, 0x1FF8, 0x1FF8, 0x1008, 0x1FF8, 0x0420, 0x381C, 0x6004}},
    {0x8CE6, 16, {0x0008, 0x7C0C, 0x45EA, 0x4408, 0x7FFE, 0x4408, 0x4448, 0x7D48, 0x4548, 0x4568, 0x4548, 0x7D48, 0x2948, 0x2574, 0x47C6, 0x4006}},
    {0x8CFC, 16, {0x0008, 0x7CC8, 0x45FE, 0x44C8, 0x7DFE, 0x44C8, 0x47FE, 0x7C20, 0x45FC, 0x4524, 0x45FC, 0x7D24, 0x2BFE, 0x2504, 0x4504, 0x411C}},
    {0x8CFD, 16, {0x0180, 0x7FFE, 0x4002, 0x7FFE, 0x0420, 0x1FF8, 0x7FFE, 0x0C30, 0x1FF8, 0x781E, 0x0FF0, 0x0FF0, 0x0810, 0x0FF0, 0x1C38, 0x6004}},
    {0x8D64, 16, {0x0180, 0x0180, 0x3FFC, 0x0180, 0x0180, 0x0180, 0x7FFE, 0x0660, 0x0660, 0x166C, 0x3664, 0x2666, 0x6662, 0x4662, 0x0660, 0x07C0}},
    {0x8D77, 16, {0x0800, 0x087E, 0x7F46, 0x0846, 0x0846, 0x7F46, 0x087E, 0x0840, 0x2840, 0x2F40, 0x6842, 0x6842, 0x787E, 0x5800, 0x47FE, 0x0000}},
    {0x8D85, 16, {0x0800, 0x08FE, 0x0822, 0x7E22, 0x0862, 0x0846, 0x7FDC, 0x0800, 0x08FE, 0x6886, 0x6F86, 0x6886, 0x68FE, 0x5800, 0x4FFE, 0x0000}},
    {0x8DBE, 16, {0x0010, 0x7E10, 0x4210, 0x4210, 0x4290, 0x7E90, 0x089E, 0x0890, 0x4E90, 0x4890, 0x4890, 0x4890, 0x4E90, 0x7890, 0x43FE, 0x0000}},
    {0x8DD1, 16, {0x0000, 0x7C80, 0x44FC, 0x4504, 0x4704, 0x7FF4, 0x1914, 0x1114, 0x5914, 0x5DF4, 0x5104, 0x511C, 0x5100, 0x7D02, 0x7182, 0x00FE}},
    {0x8DEF, 16, {0x0000, 0x7E40, 0x427C, 0x42CC, 0x43C8, 0x7F38, 0x0830, 0x0838, 0x484C, 0x4F86, 0x48FC, 0x4884, 0x4884, 0x7E84, 0x60FC, 0x0084}},
    {0x8E8D, 16, {0x0000, 0x7FFE, 0x452A, 0x4462, 0x45EA, 0x7C22, 0x10C6, 0x1090, 0x51FE, 0x5D10, 0x53FE, 0x5110, 0x51FE, 0x7D10, 0x61FE, 0x0100}},
    {0x8ECA, 16, {0x0000, 0x0180, 0x7FFE, 0x0180, 0x1FFC, 0x118C, 0x118C, 0x1FFC, 0x118C, 0x118C, 0x1FFC, 0x0180, 0x7FFE, 0x0180, 0x0180, 0x0100}},
    {0x8ECD, 16, {0x0000, 0x7FFE, 0x4182, 0x5FFA, 0x0180, 0x0180, 0x1FF8, 0x1188, 0x1FF8, 0x1188, 0x1FF8, 0x0180, 0x0180, 0x7FFE, 0x0180, 0x0180}},
    {0x8ED2, 16, {0x0800, 0x08FE, 0x7F10, 0x0810, 0x7E10, 0x4910, 0x4910, 0x7FFE, 0x4910, 0x7F10, 0x0810, 0x0810, 0x7F10, 0x0810, 0x0810, 0x0810}},
    {0x8F03, 16, {0x1020, 0x1030, 0x7E10, 0x11FE, 0x1000, 0x7E4C, 0x5286, 0x7F82, 0x5248, 0x5248, 0x7E38, 0x1030, 0x7E30, 0x104C, 0x1186, 0x1102}},
    {0x8F09, 16, {0x0000, 0x0C68, 0x3FE4, 0x0C60, 0x7FFE, 0x0C20, 0x7FA4, 0x0C24, 0x3F2C, 0x2028, 0x3F38, 0x3F30, 0x0C32, 0x7FF2, 0x0CCA, 0x000E}},
    {0x8F0B, 16, {0x0180, 0x2184, 0x3FFC, 0x0100, 0x7FFE, 0x0C30, 0x3FF8, 0x618E, 0x1FF8, 0x1188, 0x1FF8, 0x1FF8, 0x0180, 0x7FFE, 0x0180, 0x0000}},
    {0x8F14, 16, {0x0010, 0x1814, 0x7E12, 0x19FE, 0x7E10, 0x42FE, 0x4292, 0x7E92, 0x42FE, 0x7E92, 0x1892, 0x18FE, 0x7F92, 0x1892, 0x1892, 0x0096}},
    {0x8F15, 16, {0x1000, 0x11FE, 0x7E00, 0x1094, 0x7EA4, 0x5328, 0x53A4, 0x7EB4, 0x5292, 0x7E00, 0x10FE, 0x1030, 0x7E30, 0x1030, 0x11FE, 0x1000}},
    {0x8F1D, 16, {0x1000, 0x11FE, 0x5502, 0x5430, 0x55FE, 0x1030, 0x7EFE, 0x2832, 0x28FE, 0x2832, 0x28FE, 0x2830, 0x6FFE, 0x4830, 0x4030, 0x0000}},
    {0x8F2A, 16, {0x1000, 0x1030, 0x7E78, 0x10CC, 0x7F86, 0x57FE, 0x5400, 0x7DFE, 0x5542, 0x5542, 0x7D42, 0x11FE, 0x7F42, 0x1142, 0x1142, 0x1104}},
    {0x8F38, 16, {0x1000, 0x1030, 0x7E48, 0x1084, 0x7FFE, 0x5400, 0x55E2, 0x7D2A, 0x552A, 0x55EA, 0x7D2A, 0x11EA, 0x7F2A, 0x1122, 0x1122, 0x116E}},
    {0x8F49, 16, {0x0010, 0x19FE, 0x7E10, 0x18FE, 0x7E92, 0x42FE, 0x4292, 0x7EFE, 0x4214, 0x7FFE, 0x1808, 0x19FE, 0x7E08, 0x1848, 0x1848, 0x0038}},
    {0x8FA6, 16, {0x2108, 0x3108, 0x793E, 0x0100, 0x4BD2, 0x4954, 0x1144, 0x787E, 0x1248, 0x1248, 0x7A5E, 0x3248, 0x2248, 0x2448, 0x6488, 0x4588}},
    {0x8FB2, 16, {0x0240, 0x3FFC, 0x2244, 0x3FFC, 0x2244, 0x3FFC, 0x0000, 0x3FFE, 0x2000, 0x3FFC, 0x2000, 0x3FFE, 0x248C, 0x2470, 0x4FB8, 0x4C06}},
    {0x8FCE, 16, {0x2080, 0x333E, 0x1222, 0x0222, 0x7A22, 0x1222, 0x2222, 0x6222, 0x7A22, 0x1BE2, 0x172E, 0x1020, 0x3020, 0x3820, 0x6C00, 0x43FE}},
    {0x8FD1, 16, {0x0000, 0x201C, 0x31F0, 0x0100, 0x7900, 0x11FE, 0x2110, 0x6110, 0x7910, 0x0B10, 0x1210, 0x1210, 0x1610, 0x3810, 0x6C00, 0x43FE}},
    {0x8FE6, 16, {0x0000, 0x2200, 0x321E, 0x07D2, 0x7252, 0x1252, 0x2252, 0x6252, 0x7252, 0x1252, 0x1652, 0x14D2, 0x359E, 0x3000, 0x6C00, 0x47FE}},
    {0x8FEA, 16, {0x0000, 0x2060, 0x1060, 0x03FC, 0x7A64, 0x1264, 0x2264, 0x63FC, 0x7A64, 0x0A64, 0x1264, 0x13FC, 0x1000, 0x3800, 0x6C00, 0x43FE}},
    {0x8FF4, 16, {0x0000, 0x23FE, 0x1202, 0x0202, 0x7AF2, 0x1292, 0x2292, 0x6292, 0x7AF2, 0x0A02, 0x1A02, 0x13FE, 0x1000, 0x3800, 0x6C00, 0x43FE}},
    {0x9019, 16, {0x0040, 0x2060, 0x17FE, 0x0000, 0x7BFC, 0x1000, 0x2000, 0x63FC, 0x7800, 0x0BFC, 0x1204, 0x1204, 0x13FC, 0x3800, 0x6C00, 0x43FE}},
    {0x901A, 16, {0x0000, 0x23FC, 0x1098, 0x0070, 0x7BFE, 0x1222, 0x2222, 0x63FE, 0x7A22, 0x0BFE, 0x1222, 0x1222, 0x122C, 0x3800, 0x6C00, 0x43FE}},
    {0x9020, 16, {0x2020, 0x3120, 0x13FE, 0x0220, 0x7820, 0x17FE, 0x2020, 0x6020, 0x79FC, 0x0904, 0x1104, 0x1104, 0x11FC, 0x3800, 0x6C00, 0x43FE}},
    {0x9022, 16, {0x0000, 0x2080, 0x31F8, 0x0790, 0x7870, 0x118C, 0x2642, 0x63F8, 0x7860, 0x13FC, 0x1060, 0x17FE, 0x3060, 0x2C00, 0x47FE, 0x0000}},
    {0x9023, 16, {0x0040, 0x2040, 0x37FE, 0x0040, 0x7BFC, 0x1244, 0x23FC, 0x6244, 0x7A44, 0x13FC, 0x1040, 0x17FE, 0x3040, 0x6C40, 0x43FE, 0x0000}},
    {0x9032, 16, {0x0000, 0x2120, 0x1110, 0x03FE, 0x7A20, 0x1620, 0x27FC, 0x6220, 0x7A20, 0x0BFC, 0x1220, 0x13FE, 0x1000, 0x3800, 0x6C00, 0x43FE}},
    {0x9038, 16, {0x0000, 0x2180, 0x31F0, 0x0220, 0x7FFC, 0x1644, 0x2244, 0x63FC, 0x7860, 0x10A8, 0x11A4, 0x1322, 0x3E3E, 0x6C00, 0x43FE, 0x0000}},
    {0x903E, 16, {0x0040, 0x20E0, 0x1198, 0x030C, 0x7DF2, 0x1000, 0x23D4, 0x6254, 0x73D4, 0x1254, 0x13D4, 0x1244, 0x32CC, 0x6C00, 0x47FE, 0x0000}},
    {0x904A, 16, {0x0010, 0x2110, 0x313E, 0x07E0, 0x7A20, 0x121E, 0x23C4, 0x6248, 0x72FE, 0x1288, 0x1488, 0x1488, 0x3998, 0x6C00, 0x43FE, 0x0000}},
    {0x904B, 16, {0x0000, 0x27FE, 0x1402, 0x07FE, 0x7840, 0x13FC, 0x2244, 0x63FC, 0x7A44, 0x13FC, 0x1040, 0x17FE, 0x3040, 0x6C00, 0x43FE, 0x0000}},
    {0x904E, 16, {0x0000, 0x21F8, 0x1108, 0x0178, 0x7948, 0x1148, 0x23FE, 0x6202, 0x7AF2, 0x1292, 0x1292, 0x12F2, 0x320E, 0x6E00, 0x43FE, 0x0000}},
    {0x9053, 16, {0x0108, 0x2118, 0x17FE, 0x0040, 0x7840, 0x13FC, 0x2204, 0x63FC, 0x7A04, 0x0BFC, 0x1204, 0x1204, 0x13FC, 0x3800, 0x6C00, 0x43FE}},
    {0x9054, 16, {0x2040, 0x23FC, 0x1060, 0x0060, 0x7FFE, 0x1108, 0x3110, 0x27FE, 0x6060, 0x73FC, 0x1060, 0x17FE, 0x3060, 0x6C00, 0x47FE, 0x0000}},
    {0x905C, 16, {0x0000, 0x27FC, 0x11F0, 0x0114, 0x7224, 0x1278, 0x2394, 0x6E7E, 0x7252, 0x1254, 0x1252, 0x32D2, 0x36B0, 0x6C00, 0x47FE, 0x0000}},
    {0x9060, 16, {0x0040, 0x23FC, 0x3040, 0x1040, 0x77FE, 0x1000, 0x23FC, 0x620C, 0x73FC, 0x10E4, 0x1198, 0x168C, 0x31E6, 0x6D80, 0x47FE, 0x0000}},
    {0x906E, 16, {0x0020, 0x2020, 0x13FE, 0x0208, 0x7A48, 0x13FE, 0x2248, 0x6248, 0x7478, 0x1400, 0x1554, 0x1552, 0x384A, 0x6C00, 0x47FE, 0x0000}},
    {0x9078, 16, {0x0000, 0x67FE, 0x34E2, 0x07BE, 0x7420, 0x13DE, 0x2090, 0x67FE, 0x7090, 0x1090, 0x17FE, 0x1090, 0x330C, 0x3E06, 0x6C00, 0x43FE}},
    {0x907F, 16, {0x0000, 0x2788, 0x34BE, 0x0480, 0x7494, 0x1794, 0x243E, 0x6788, 0x7688, 0x16FE, 0x1A88, 0x1A88, 0x3388, 0x3000, 0x6C00, 0x43FE}},
    {0x9081, 16, {0x0108, 0x27FE, 0x1108, 0x03FC, 0x7244, 0x13FC, 0x2264, 0x63FC, 0x77FE, 0x1242, 0x126A, 0x13FA, 0x3202, 0x380C, 0x6C00, 0x43FE}},
    {0x908A, 16, {0x2040, 0x23FC, 0x13FC, 0x0204, 0x7BFC, 0x13FC, 0x2040, 0x67FE, 0x7F4A, 0x17FE, 0x1080, 0x11F8, 0x3308, 0x3830, 0x6C00, 0x43FE}},
    {0x90A3, 16, {0x0000, 0x7F7E, 0x1966, 0x1964, 0x1964, 0x7F68, 0x1168, 0x116C, 0x1164, 0x7F62, 0x1162, 0x3162, 0x217C, 0x6360, 0x4E60, 0x0000}},
    {0x90A6, 16, {0x0800, 0x087E, 0x0F46, 0x7C44, 0x0844, 0x0848, 0x7F48, 0x0848, 0x0844, 0x0846, 0x7FC2, 0x0842, 0x105C, 0x3040, 0x6040, 0x0040}},
    {0x90A8, 16, {0x0C00, 0x0C3E, 0x7FA2, 0x0C24, 0x0C24, 0x2CA4, 0x2CA8, 0x2CA4, 0x2CA6, 0x3FA2, 0x0C22, 0x0C22, 0x0DAE, 0x0F20, 0x0820, 0x0020}},
    {0x90CA, 16, {0x0800, 0x0C3E, 0x0426, 0x7FA4, 0x0024, 0x3328, 0x2128, 0x42AC, 0x1224, 0x1C22, 0x0C22, 0x0E22, 0x1A3C, 0x3020, 0x6020, 0x0020}},
    {0x90DD, 16, {0x0400, 0x043E, 0x3FA2, 0x0426, 0x0424, 0x0424, 0x7FA8, 0x122C, 0x1224, 0x32A2, 0x52A2, 0x52A2, 0x5222, 0x122C, 0x1220, 0x1620}},
    {0x90E8, 16, {0x0800, 0x0C3E, 0x7FA6, 0x0124, 0x1124, 0x122C, 0x1228, 0x7FA4, 0x0024, 0x0022, 0x3F22, 0x2122, 0x212C, 0x2120, 0x3F20, 0x2020}},
    {0x90F5, 16, {0x0180, 0x7C3E, 0x0422, 0x0426, 0x7FA4, 0x0424, 0x2528, 0x77A4, 0x2524, 0x2522, 0x0422, 0x7FA2, 0x0426, 0x04AC, 0x7F20, 0x0020}},
    {0x90FD, 16, {0x0800, 0x08BE, 0x7F22, 0x0924, 0x0A24, 0x7FAC, 0x0C28, 0x1824, 0x3F26, 0x6122, 0x2122, 0x3F22, 0x2126, 0x212C, 0x3F20, 0x2120}},
    {0x9109, 16, {0x0100, 0x111E, 0x23D2, 0x2252, 0x4A54, 0x7BD4, 0x1254, 0x2654, 0x6FD2, 0x7A12, 0x0A92, 0x1252, 0x12DE, 0x27D0, 0x4410, 0x0010}},
    {0x912D, 16, {0x0000, 0x133E, 0x7FA2, 0x0A24, 0x3FA4, 0x0AA4, 0x33A8, 0x20A4, 0x1EA6, 0x3FA2, 0x0422, 0x7FA2, 0x082C, 0x1A20, 0x71A0, 0x4020}},
    {0x9152, 16, {0x0000, 0x77FE, 0x10B0, 0x0090, 0x0090, 0x07FE, 0x6496, 0x0496, 0x071E, 0x0706, 0x1406, 0x35FE, 0x2406, 0x2406, 0x47FE, 0x0402}},
    {0x9192, 16, {0x0000, 0x7FFE, 0x1086, 0x10FE, 0x7E86, 0x5286, 0x52FE, 0x5250, 0x66D0, 0x42FE, 0x4390, 0x5EFE, 0x4210, 0x4210, 0x7EFE, 0x4000}},
    {0x91AB, 16, {0x0000, 0x7F78, 0x3E48, 0x34C6, 0x3F7C, 0x2E48, 0x3038, 0x3FE4, 0x7FFE, 0x0240, 0x3FFC, 0x3E7C, 0x2004, 0x27E4, 0x3FFC, 0x2004}},
    {0x91C6, 16, {0x0000, 0x03FC, 0x3F80, 0x0188, 0x1998, 0x0990, 0x0180, 0x7FFE, 0x03C0, 0x03C0, 0x05A0, 0x0990, 0x318C, 0x6186, 0x0182, 0x0100}},
    {0x91C7, 16, {0x0000, 0x01FC, 0x3FC0, 0x0104, 0x1108, 0x1198, 0x0810, 0x0180, 0x7FFE, 0x03C0, 0x07E0, 0x0DB0, 0x1998, 0x718E, 0x4182, 0x0100}},
    {0x91CC, 16, {0x0000, 0x3FFC, 0x3184, 0x3184, 0x3FFC, 0x3184, 0x3184, 0x3FFC, 0x0180, 0x0180, 0x0180, 0x3FFC, 0x0180, 0x0180, 0x7FFE, 0x0000}},
    {0x91CD, 16, {0x0018, 0x3FE0, 0x0180, 0x7FFE, 0x0180, 0x1FF8, 0x118C, 0x1FFC, 0x118C, 0x118C, 0x1FFC, 0x0180, 0x3FFC, 0x0180, 0x7FFE, 0x0000}},
    {0x91CE, 16, {0x0000, 0x7F7E, 0x4906, 0x490C, 0x7F38, 0x4918, 0x490C, 0x7FFE, 0x0812, 0x0812, 0x7F14, 0x0810, 0x0810, 0x0F10, 0x7810, 0x0070}},
    {0x91CF, 16, {0x0000, 0x1FF8, 0x1FF8, 0x1008, 0x1FF8, 0x0000, 0x7FFE, 0x1FF8, 0x118C, 0x1FFC, 0x1FFC, 0x0180, 0x3FFC, 0x0180, 0x7FFE, 0x0000}},
    {0x91D1, 16, {0x0080, 0x0180, 0x0240, 0x0C30, 0x381C, 0x7FF6, 0x0180, 0x0180, 0x0180, 0x3FFC, 0x0180, 0x0990, 0x0990, 0x01A0, 0x7FFE, 0x0000}},
    {0x91D7, 16, {0x0400, 0x0C04, 0x1E24, 0x3324, 0x61A4, 0x7F24, 0x0424, 0x0424, 0x7FA4, 0x0424, 0x2524, 0x2504, 0x0404, 0x0F84, 0x7C1C, 0x0000}},
    {0x91DD, 16, {0x0810, 0x0810, 0x1C10, 0x3310, 0x6110, 0x3E10, 0x08FE, 0x0810, 0x7F10, 0x0810, 0x2A10, 0x2A10, 0x2810, 0x0F10, 0x7810, 0x0010}},
    {0x9280, 16, {0x0800, 0x18FE, 0x3C86, 0x6686, 0x42FE, 0x3C86, 0x1086, 0x18FE, 0x7EA0, 0x1092, 0x349C, 0x3498, 0x3088, 0x1EB4, 0x79E6, 0x0000}},
    {0x9285, 16, {0x1000, 0x19FE, 0x3D02, 0x6702, 0x417A, 0x7D02, 0x1102, 0x117A, 0x7D4A, 0x114A, 0x554A, 0x157A, 0x1142, 0x1D02, 0x7102, 0x010E}},
    {0x9298, 16, {0x1020, 0x1860, 0x3C7E, 0x66C4, 0x4384, 0x7D48, 0x1030, 0x7E30, 0x1060, 0x57FC, 0x5484, 0x5484, 0x1484, 0x1EC4, 0x60FC, 0x0084}},
    {0x9322, 16, {0x0040, 0x184C, 0x3C66, 0x67FE, 0x4024, 0x7C38, 0x107A, 0x11CE, 0x7C48, 0x1044, 0x55FE, 0x1424, 0x1028, 0x1C30, 0x70FA, 0x018E}},
    {0x9326, 16, {0x0010, 0x1830, 0x26FE, 0x6282, 0x7CFE, 0x1882, 0x1082, 0x7EFE, 0x1830, 0x11FE, 0x5312, 0x3512, 0x1112, 0x1F16, 0x7810, 0x0000}},
    {0x932F, 16, {0x0048, 0x1848, 0x3DFE, 0x6648, 0x4248, 0x3C48, 0x11FE, 0x1000, 0x7EFC, 0x1084, 0x5484, 0x14FC, 0x1084, 0x1E84, 0x78FC, 0x0084}},
    {0x9375, 16, {0x1010, 0x13FC, 0x2990, 0x6510, 0x417E, 0x7A10, 0x13FC, 0x7C90, 0x10FE, 0x1290, 0x5310, 0x197E, 0x1110, 0x3F90, 0x62C0, 0x043E}},
    {0x937E, 16, {0x0004, 0x19F8, 0x3C20, 0x67FE, 0x4020, 0x7DFE, 0x1122, 0x11FE, 0x7F22, 0x1122, 0x55FE, 0x1420, 0x31FE, 0x1C20, 0x7BFE, 0x0000}},
    {0x9418, 16, {0x1020, 0x1020, 0x39FE, 0x648C, 0x4048, 0x7FFE, 0x1000, 0x11B6, 0x7DFE, 0x1122, 0x55FE, 0x1020, 0x11FE, 0x1C20, 0x73FE, 0x0000}},
    {0x9435, 16, {0x1098, 0x109C, 0x2BFA, 0x4498, 0x7FFE, 0x7818, 0x13E8, 0x122A, 0x7FEE, 0x100C, 0x57CC, 0x508C, 0x1BE8, 0x1C98, 0x73FE, 0x0026}},
    {0x9438, 16, {0x0000, 0x19FE, 0x3952, 0x6752, 0x43FE, 0x7C20, 0x11FC, 0x1020, 0x7FFE, 0x1000, 0x5488, 0x15FE, 0x3020, 0x1FFE, 0x7020, 0x0020}},
    {0x947C, 16, {0x1000, 0x11FE, 0x3952, 0x6D52, 0x45FE, 0x7910, 0x1154, 0x13BE, 0x7CA4, 0x113E, 0x5BC4, 0x587E, 0x1244, 0x1EE4, 0x72BE, 0x0000}},
    {0x947D, 16, {0x1190, 0x11DE, 0x3A80, 0x67FE, 0x4144, 0x7954, 0x1242, 0x11FC, 0x7D04, 0x11FC, 0x55FC, 0x1104, 0x11FC, 0x1C88, 0x738E, 0x0202}},
    {0x9577, 16, {0x0000, 0x0FFC, 0x0800, 0x0FF8, 0x0800, 0x0800, 0x0FF8, 0x0800, 0x7FFE, 0x1984, 0x188C, 0x1870, 0x1860, 0x1BB8, 0x1E0E, 0x1002}},
    {0x9580, 16, {0x0000, 0x7E7E, 0x6246, 0x6246, 0x7E7E, 0x6246, 0x7E7E, 0x6006, 0x6006, 0x6006, 0x6006, 0x6006, 0x6006, 0x6006, 0x6006, 0x601C}},
    {0x958B, 16, {0x0000, 0x7E7E, 0x6246, 0x7E7E, 0x6246, 0x6246, 0x7E7E, 0x6006, 0x6FF6, 0x6246, 0x6246, 0x6FF6, 0x6246, 0x6446, 0x6C46, 0x685C}},
    {0x9593, 16, {0x0000, 0x7E7E, 0x6246, 0x7E7E, 0x6246, 0x6246, 0x7E7E, 0x6006, 0x67E6, 0x6426, 0x6426, 0x67E6, 0x6426, 0x67E6, 0x6406, 0x601C}},
    {0x9598, 16, {0x0000, 0x7E7E, 0x6242, 0x7E7E, 0x6242, 0x7E7E, 0x6002, 0x6FF2, 0x6912, 0x6FF2, 0x6912, 0x6912, 0x6FF2, 0x6102, 0x6106, 0x600C}},
    {0x95A3, 16, {0x0000, 0x7E7E, 0x6242, 0x7E7E, 0x6242, 0x7E7E, 0x6202, 0x67E2, 0x6E62, 0x61C2, 0x6672, 0x7FEA, 0x6422, 0x6422, 0x67E6, 0x600C}},
    {0x9632, 16, {0x0020, 0x7C20, 0x4420, 0x4FFE, 0x48C0, 0x48C0, 0x48C0, 0x48FC, 0x4484, 0x4484, 0x4484, 0x5D84, 0x4104, 0x4304, 0x460C, 0x4438}},
    {0x963F, 16, {0x0000, 0x7FFE, 0x4804, 0x4804, 0x4804, 0x51E4, 0x4924, 0x4924, 0x4D24, 0x4524, 0x4DE4, 0x5904, 0x4004, 0x4004, 0x4004, 0x403C}},
    {0x9640, 16, {0x0020, 0x7C20, 0x4420, 0x4BFE, 0x4A02, 0x5A02, 0x4880, 0x4884, 0x4498, 0x44E0, 0x4480, 0x5880, 0x4082, 0x4082, 0x4082, 0x40FC}},
    {0x9650, 16, {0x0000, 0x7DFC, 0x6504, 0x6904, 0x69FC, 0x6904, 0x6904, 0x65FC, 0x6520, 0x6522, 0x6534, 0x7D18, 0x6118, 0x610C, 0x61E6, 0x0102}},
    {0x965E, 16, {0x0048, 0x7DC8, 0x4888, 0x4888, 0x4BFE, 0x5088, 0x4888, 0x4988, 0x4F08, 0x4420, 0x4C20, 0x5BFE, 0x4020, 0x4020, 0x47FE, 0x0000}},
    {0x9662, 16, {0x0020, 0x7C20, 0x4BFE, 0x4A02, 0x4A02, 0x51FC, 0x4800, 0x4800, 0x47FE, 0x44D0, 0x4C90, 0x5890, 0x4090, 0x4192, 0x4312, 0x460E}},
    {0x9673, 16, {0x0020, 0x7C20, 0x4FFE, 0x4820, 0x49FC, 0x5324, 0x5B24, 0x4BFC, 0x4F24, 0x47FC, 0x4CF0, 0x58A8, 0x412C, 0x4626, 0x4422, 0x4020}},
    {0x967D, 16, {0x0000, 0x7DFC, 0x4904, 0x49FC, 0x4904, 0x51FC, 0x4800, 0x4FFE, 0x4480, 0x4580, 0x4DFE, 0x5E52, 0x4492, 0x41A6, 0x4364, 0x404C}},
    {0x9686, 16, {0x0040, 0x7CC0, 0x48FC, 0x4988, 0x4A70, 0x5070, 0x4B8E, 0x4AF8, 0x4C00, 0x4520, 0x4DFC, 0x5A20, 0x41FC, 0x4020, 0x43FE, 0x0000}},
    {0x968A, 16, {0x0000, 0x7C88, 0x4858, 0x4BFE, 0x4840, 0x50C2, 0x4B2C, 0x4A38, 0x4CF8, 0x459C, 0x4C34, 0x58D6, 0x4392, 0x4210, 0x4030, 0x40E0}},
    {0x969B, 16, {0x0000, 0x7920, 0x4BFE, 0x4A56, 0x5D94, 0x5288, 0x510C, 0x4FFE, 0x4C00, 0x4800, 0x4BFC, 0x7820, 0x432C, 0x4224, 0x4422, 0x40C0}},
    {0x96A7, 16, {0x0044, 0x7A64, 0x4B28, 0x48FE, 0x5030, 0x5762, 0x5194, 0x4A3C, 0x4FDC, 0x491A, 0x492A, 0x5B4A, 0x4210, 0x4330, 0x4480, 0x4C7E}},
    {0x96B4, 16, {0x0110, 0x7910, 0x4FFE, 0x4A10, 0x529E, 0x57C2, 0x501E, 0x4BD0, 0x4A5E, 0x4BD0, 0x4A5E, 0x5A50, 0x43DE, 0x4250, 0x4252, 0x42DE}},
    {0x96C0, 16, {0x0000, 0x0990, 0x198C, 0x31B6, 0x27C0, 0x0380, 0x0E40, 0x7FFE, 0x0840, 0x0840, 0x0FFC, 0x0840, 0x0FFC, 0x0840, 0x0FFE, 0x0800}},
    {0x96C5, 16, {0x0040, 0x7E58, 0x2C88, 0x2CFE, 0x4D88, 0x4D88, 0x4C88, 0x7EFE, 0x1C88, 0x1C88, 0x3CFE, 0x2C88, 0x6C88, 0x4C88, 0x08FE, 0x3880}},
    {0x96C6, 16, {0x0880, 0x1880, 0x1FFC, 0x3080, 0x7FF8, 0x1080, 0x1FF8, 0x1080, 0x1FFE, 0x1000, 0x0180, 0x7FFE, 0x07E0, 0x0DB0, 0x718E, 0x4100}},
    {0x96CD, 16, {0x0100, 0x0080, 0x7FFE, 0x1040, 0x30D0, 0x2490, 0x79FE, 0x1B90, 0x12FE, 0x2690, 0x7C90, 0x04FE, 0x0890, 0x1890, 0x70FE, 0x4080}},
    {0x96E2, 16, {0x0820, 0x0828, 0x7F48, 0x1548, 0x0D7E, 0x3FC8, 0x21C8, 0x3F7E, 0x0848, 0x7F48, 0x417E, 0x5548, 0x5748, 0x7B48, 0x417E, 0x4340}},
    {0x96E8, 16, {0x0000, 0x7FFE, 0x0180, 0x0180, 0x0180, 0x3FFC, 0x2184, 0x298C, 0x2DB4, 0x27E4, 0x2184, 0x23C4, 0x2DB4, 0x399C, 0x2184, 0x219C}},
    {0x96F2, 16, {0x0000, 0x3FFC, 0x0180, 0x7FFE, 0x518A, 0x45B2, 0x0180, 0x1D98, 0x0000, 0x1FF8, 0x0000, 0x7FFE, 0x0430, 0x0818, 0x1FFC, 0x1004}},
    {0x96F7, 16, {0x0000, 0x3FFC, 0x0180, 0x7FFE, 0x4182, 0x4DB2, 0x0180, 0x1DB8, 0x0000, 0x1FF8, 0x1188, 0x1FF8, 0x1188, 0x1188, 0x1FF8, 0x1000}},
    {0x96FB, 16, {0x0000, 0x3FFC, 0x0180, 0x7FFE, 0x598A, 0x45A2, 0x1DB0, 0x0180, 0x1FF8, 0x1188, 0x1FF8, 0x1188, 0x1FF8, 0x1182, 0x0182, 0x00FE}},
    {0x9700, 16, {0x0000, 0x3FFC, 0x0180, 0x7FFE, 0x518A, 0x45A2, 0x05F0, 0x1108, 0x7FFE, 0x0100, 0x0100, 0x3FFC, 0x2244, 0x2244, 0x2244, 0x224C}},
    {0x9716, 16, {0x0000, 0x3FFC, 0x0180, 0x7FFE, 0x499A, 0x45A2, 0x1DB8, 0x0000, 0x0810, 0x7FFE, 0x1838, 0x1C78, 0x2AD4, 0x4996, 0x0810, 0x0810}},
    {0x9732, 16, {0x0000, 0x3FFC, 0x0180, 0x7FFE, 0x4DB2, 0x47A2, 0x11B8, 0x3E7C, 0x22CC, 0x2378, 0x3E38, 0x2846, 0x2EFC, 0x2844, 0x3A7C, 0x7C00}},
    {0x9748, 16, {0x0000, 0x3FFC, 0x0180, 0x7FFE, 0x4D92, 0x45A2, 0x1008, 0x3BDC, 0x2BDC, 0x3800, 0x3FFC, 0x0910, 0x1930, 0x23CC, 0x7FFE, 0x0000}},
    {0x9752, 16, {0x0180, 0x3FFC, 0x0180, 0x1FF8, 0x0180, 0x0180, 0x7FFE, 0x0000, 0x1FF8, 0x1008, 0x1FF8, 0x1008, 0x1FF8, 0x1008, 0x1008, 0x1078}},
    {0x9756, 16, {0x0000, 0x1020, 0x11FE, 0x1020, 0x7DFE, 0x0020, 0x4BFE, 0x2800, 0x28FC, 0x2884, 0x28FC, 0x2884, 0x1CFC, 0x7084, 0x0084, 0x008C}},
    {0x9760, 16, {0x0080, 0x1FFC, 0x2080, 0x7FFE, 0x0080, 0x1FFC, 0x100C, 0x1FFC, 0x0240, 0x7E7E, 0x0240, 0x3E7C, 0x0240, 0x7E7E, 0x0440, 0x0440}},
    {0x9762, 16, {0x0000, 0x7FFE, 0x0100, 0x0100, 0x0100, 0x3FFC, 0x2424, 0x2424, 0x27E4, 0x2424, 0x2424, 0x27E4, 0x2424, 0x2424, 0x3FFC, 0x2004}},
    {0x9776, 16, {0x2400, 0x24FE, 0x7F92, 0x2492, 0x3C92, 0x0892, 0x7E92, 0x4AFE, 0x4A82, 0x7E80, 0x0880, 0x1880, 0x7F82, 0x0882, 0x08FE, 0x0800}},
    {0x978D, 16, {0x2420, 0x2410, 0x7FFE, 0x2482, 0x3CA2, 0x1820, 0x7E24, 0x43FE, 0x424C, 0x7ECC, 0x18C8, 0x1878, 0x7E38, 0x187C, 0x19C6, 0x1102}},
    {0x97F3, 16, {0x0100, 0x0180, 0x3FFC, 0x0810, 0x0C30, 0x0420, 0x7FFE, 0x0000, 0x1FF8, 0x1008, 0x1008, 0x1FF8, 0x1008, 0x1008, 0x1FF8, 0x1008}},
    {0x97FB, 16, {0x1000, 0x08FC, 0x7E84, 0x0484, 0x24FC, 0x2400, 0x7EFE, 0x0082, 0x7EFE, 0x6282, 0x62FE, 0x7E82, 0x62FE, 0x6240, 0x7EC6, 0x0102}},
    {0x97FF, 16, {0x1100, 0x23DE, 0x2A52, 0x73D4, 0x7FD2, 0x1AD2, 0x37B6, 0x4190, 0x1FFC, 0x0420, 0x7FFE, 0x0000, 0x1808, 0x1FF8, 0x1FF8, 0x1008}},
    {0x9801, 16, {0x0000, 0x7FFE, 0x0180, 0x0100, 0x1FF8, 0x1008, 0x1FF8, 0x1008, 0x1008, 0x1FF8, 0x1008, 0x1FF8, 0x0400, 0x0C38, 0x700E, 0x0000}},
    {0x9806, 16, {0x0000, 0x42FE, 0x4A10, 0x4A10, 0x4AFE, 0x4A82, 0x4AFE, 0x4A82, 0x4A82, 0x4AFE, 0x4A82, 0x4A82, 0x4AFE, 0x4240, 0x42C6, 0x0102}},
    {0x9808, 16, {0x0000, 0x0BFE, 0x1020, 0x6020, 0x41FE, 0x0102, 0x09FE, 0x1102, 0x6102, 0x01FE, 0x0502, 0x0D02, 0x09FE, 0x3088, 0x618E, 0x0602}},
    {0x980C, 16, {0x0000, 0x14FE, 0x2610, 0x2230, 0x22FE, 0x4186, 0x58FE, 0x1086, 0x1086, 0x14FE, 0x2286, 0x22FE, 0x7E08, 0x004C, 0x0182, 0x0000}},
    {0x9813, 16, {0x0800, 0x08FE, 0x7E10, 0x1810, 0x0AFE, 0x4A86, 0x4AFE, 0x4A86, 0x4A86, 0x7EFE, 0x1886, 0x08FE, 0x0A48, 0x1EC4, 0x1982, 0x0102}},
    {0x9818, 16, {0x0800, 0x19FE, 0x1810, 0x2430, 0x62FE, 0x7E82, 0x00FE, 0x0082, 0x7E82, 0x06FE, 0x0482, 0x2C82, 0x38FE, 0x1840, 0x0CC6, 0x0102}},
    {0x9824, 16, {0x0000, 0x7FFE, 0x4410, 0x4410, 0x447E, 0x5E42, 0x527E, 0x5242, 0x5242, 0x5E7E, 0x4442, 0x4442, 0x447E, 0x7F00, 0x00C6, 0x0182}},
    {0x982D, 16, {0x0000, 0x7FFE, 0x0010, 0x0030, 0x7EFE, 0x4282, 0x42FE, 0x7E82, 0x0082, 0x24FE, 0x2482, 0x2482, 0x24FE, 0x1E40, 0x60C6, 0x0102}},
    {0x984F, 16, {0x0800, 0x08FE, 0x7F10, 0x2610, 0x1CFE, 0x26C2, 0x7FFE, 0x40C2, 0x4CC2, 0x50FE, 0x46C2, 0x4CC2, 0x50FE, 0x4200, 0x4CC6, 0x1182}},
    {0x9858, 16, {0x0000, 0x7FFE, 0x6410, 0x4410, 0x5F7E, 0x5142, 0x5F7E, 0x5142, 0x5142, 0x5F7E, 0x4442, 0x5542, 0x557E, 0x5520, 0x4466, 0x0C82}},
    {0x985E, 16, {0x0800, 0x4AFE, 0x2A10, 0x7F30, 0x18FE, 0x3E82, 0x4AFE, 0x0082, 0x0282, 0x0AFE, 0x7F82, 0x0882, 0x1CFE, 0x3640, 0x60C6, 0x0102}},
    {0x986F, 16, {0x0000, 0x7F7E, 0x4110, 0x7F10, 0x417E, 0x7F42, 0x227E, 0x4442, 0x7742, 0x327E, 0x72C2, 0x7FC2, 0x057E, 0x5500, 0x5466, 0x0082}},
    {0x98A8, 16, {0x0000, 0x3FF8, 0x3008, 0x3FE8, 0x3108, 0x3108, 0x37E8, 0x312C, 0x312C, 0x212C, 0x27EC, 0x2104, 0x2124, 0x63F4, 0x4F16, 0x4002}},
    {0x98DB, 16, {0x0000, 0x3FE4, 0x003C, 0x0D18, 0x3916, 0x1110, 0x110A, 0x110E, 0x7FF0, 0x1114, 0x1118, 0x111C, 0x3110, 0x2118, 0x610E, 0x4106}},
    {0x98DF, 16, {0x0180, 0x0380, 0x0640, 0x1FF0, 0x781C, 0x5FFE, 0x1818, 0x1FF8, 0x1818, 0x1818, 0x1FF0, 0x180C, 0x18D0, 0x1870, 0x1F18, 0x1000}},
    {0x98F2, 16, {0x0800, 0x1C40, 0x2340, 0x5C7E, 0x00C2, 0x3E82, 0x2296, 0x2214, 0x3E30, 0x2230, 0x3E30, 0x2028, 0x2668, 0x2EC4, 0x7386, 0x0002}},
    {0x990A, 16, {0x0810, 0x0420, 0x3FFC, 0x0180, 0x1FF8, 0x7FFE, 0x0C30, 0x0BD8, 0x300C, 0x7FF6, 0x0FF0, 0x0810, 0x0FF4, 0x08D8, 0x1E38, 0x1804}},
    {0x9910, 16, {0x0800, 0x0F7C, 0x1804, 0x3E68, 0x6638, 0x1DEC, 0x33C4, 0x4FF0, 0x381C, 0x4FF2, 0x0FF0, 0x0810, 0x0FFC, 0x08E8, 0x1F18, 0x0804}},
    {0x9928, 16, {0x1820, 0x1830, 0x27FE, 0x7902, 0x0102, 0x3CFC, 0x2484, 0x2484, 0x3CFC, 0x2480, 0x3CFC, 0x2084, 0x2484, 0x2C84, 0x72FC, 0x0080}},
    {0x9952, 16, {0x1020, 0x39FC, 0x6C20, 0x7820, 0x01FE, 0x3C80, 0x45DE, 0x4480, 0x7CFE, 0x4400, 0x7FFE, 0x4050, 0x4850, 0x6C92, 0x7592, 0x430E}},
    {0x9996, 16, {0x0810, 0x0C10, 0x0420, 0x7FFE, 0x0100, 0x1FF8, 0x1008, 0x1008, 0x1FF8, 0x1008, 0x1008, 0x1FF8, 0x1008, 0x1008, 0x1FF8, 0x1008}},
    {0x9999, 16, {0x0000, 0x01F8, 0x3F80, 0x0180, 0x7FFE, 0x03E0, 0x05B0, 0x198C, 0x7186, 0x5FFA, 0x1008, 0x1008, 0x1FE8, 0x1008, 0x1FF8, 0x1008}},
    {0x99A5, 16, {0x0240, 0x7840, 0x08FE, 0x0880, 0x7FFC, 0x1884, 0x2EFC, 0x4884, 0x7EFC, 0x6260, 0x627C, 0x62C4, 0x7B28, 0x6238, 0x7E6C, 0x0382}},
    {0x99AC, 16, {0x0000, 0x1FFC, 0x1080, 0x1080, 0x1FF8, 0x1080, 0x1080, 0x1FF8, 0x1080, 0x1FFE, 0x0002, 0x2022, 0x2496, 0x2496, 0x6484, 0x401C}},
    {0x99D5, 16, {0x0800, 0x7F7E, 0x1146, 0x1146, 0x667E, 0x4000, 0x1FFC, 0x1080, 0x1FF8, 0x1FF8, 0x1080, 0x1FFE, 0x0026, 0x24A6, 0x6484, 0x441C}},
    {0x99DB, 16, {0x0010, 0x7E10, 0x4810, 0x7EFE, 0x4892, 0x4892, 0x7E92, 0x48FE, 0x4810, 0x7E10, 0x02B0, 0x4E60, 0x4E60, 0x4270, 0x02DC, 0x0D02}},
    {0x99FF, 16, {0x0020, 0x7E48, 0x4844, 0x48FC, 0x7E5E, 0x4858, 0x7ED8, 0x498E, 0x4860, 0x7E7C, 0x02CC, 0x73C8, 0x6638, 0x2238, 0x02CC, 0x0D82}},
    {0x9A30, 16, {0x0000, 0x396C, 0x0848, 0x0BFE, 0x2840, 0x3FFE, 0x0988, 0x0BFE, 0x6DF8, 0x7920, 0x49F8, 0x4920, 0x49FE, 0x48A2, 0x4AA6, 0x580C}},
    {0x9A5F, 16, {0x0000, 0x7DFE, 0x4922, 0x7DE2, 0x492C, 0x49EC, 0x7DAA, 0x4820, 0x48F0, 0x7E20, 0x00A4, 0x7CA4, 0x64FC, 0x657A, 0x0430, 0x0C00}},
    {0x9AD4, 16, {0x0028, 0x3C28, 0x24FE, 0x2CAA, 0x24FE, 0x7EAA, 0x42FE, 0x4300, 0x2400, 0x24FC, 0x3C84, 0x2484, 0x3CFC, 0x2448, 0x2448, 0x2DFE}},
    {0x9AD8, 16, {0x0100, 0x0180, 0x7FFE, 0x0000, 0x1FF8, 0x1808, 0x1FF8, 0x0000, 0x3FFC, 0x2004, 0x27E4, 0x2C24, 0x2C24, 0x2FE4, 0x2004, 0x200C}},
    {0x9B5A, 16, {0x0400, 0x0FC0, 0x0840, 0x10C0, 0x7FFC, 0x718C, 0x118C, 0x1FFC, 0x118C, 0x118C, 0x1FFC, 0x0000, 0x124C, 0x2244, 0x6222, 0x4202}},
    {0x9BC9, 16, {0x1000, 0x30FE, 0x3C92, 0x2492, 0x68FE, 0x7E92, 0x6A92, 0x3E92, 0x2AFE, 0x2A10, 0x3E10, 0x00FE, 0x1210, 0x5410, 0x55FE, 0x0000}},
    {0x9BFD, 16, {0x0000, 0x21DE, 0x3952, 0x2912, 0x49D2, 0x7D52, 0x5512, 0x7D52, 0x55D2, 0x5512, 0x7D52, 0x0152, 0x4DF4, 0x5BB0, 0x5830, 0x0010}},
    {0x9C02, 16, {0x0000, 0x21E2, 0x3922, 0x692A, 0x7DEA, 0x552A, 0x552A, 0x7DEA, 0x552A, 0x552A, 0x7DEA, 0x0002, 0x5B42, 0x5B22, 0x5122, 0x000C}},
    {0x9C72, 16, {0x0084, 0x2124, 0x392C, 0x6894, 0x49FE, 0x7D02, 0x5572, 0x7D02, 0x55FE, 0x5524, 0x7DFC, 0x0124, 0x4DFC, 0x4924, 0x59BE, 0x01B2}},
    {0x9CF3, 16, {0x0000, 0x3FFC, 0x300C, 0x2FFC, 0x210C, 0x27EC, 0x27E4, 0x2424, 0x27E4, 0x27F4, 0x2404, 0x27F4, 0x2014, 0x6955, 0x5016, 0x4062}},
    {0x9CF4, 16, {0x0020, 0x0060, 0x79FC, 0x4904, 0x49FC, 0x4904, 0x49FC, 0x4900, 0x49FE, 0x4900, 0x79FE, 0x4002, 0x42AA, 0x06A2, 0x0486, 0x001C}},
    {0x9D09, 16, {0x0000, 0x7E20, 0x24FC, 0x2484, 0x64FC, 0x4484, 0x44FC, 0x7E80, 0x0CFE, 0x1C80, 0x14FE, 0x2402, 0x24DA, 0x4552, 0x0506, 0x181C}},
    {0x9D28, 16, {0x0000, 0x7E20, 0x5AFC, 0x5284, 0x52FC, 0x7E84, 0x5AFC, 0x5280, 0x5AFE, 0x7E80, 0x52FE, 0x100A, 0x1146, 0x1152, 0x1246, 0x001C}},
    {0x9D3B, 16, {0x0010, 0x3030, 0x10FC, 0x0FC4, 0x02FC, 0x42C4, 0x32FC, 0x02C0, 0x02FE, 0x02C0, 0x13FE, 0x1E02, 0x215A, 0x2152, 0x6146, 0x000C}},
    {0x9D51, 16, {0x0000, 0x3E20, 0x22FC, 0x2284, 0x3EFC, 0x0084, 0x7EFC, 0x4280, 0x42FE, 0x7E80, 0x42FE, 0x7E8A, 0x42D6, 0x4312, 0x4306, 0x4E1C}},
    {0x9D6C, 16, {0x0000, 0x7710, 0x557E, 0x5542, 0x557E, 0x7742, 0x557C, 0x5540, 0x557E, 0x7740, 0x557E, 0x5502, 0x5566, 0x5D6A, 0x5982, 0x3B0C}},
    {0x9D72, 16, {0x0400, 0x2420, 0x24FC, 0x7E84, 0x24FC, 0x2484, 0x7FFC, 0x0080, 0x3EFE, 0x2280, 0x22FE, 0x3E0A, 0x22DA, 0x2352, 0x3F06, 0x201C}},
    {0x9DB4, 16, {0x0800, 0x0820, 0x7FFC, 0x5184, 0x50FC, 0x3484, 0x3FFC, 0x6480, 0x64FE, 0x3E80, 0x24FE, 0x3E02, 0x2496, 0x24B6, 0x3FA6, 0x200C}},
    {0x9E1E, 16, {0x0108, 0x23D0, 0x783C, 0x3B88, 0x7B9E, 0x0380, 0x524A, 0x51A0, 0x1FF8, 0x1FF8, 0x1818, 0x1800, 0x1800, 0x1FFC, 0x25A4, 0x0018}},
    {0x9E79, 16, {0x0008, 0x100A, 0x1E0A, 0x10FE, 0x1088, 0x7E88, 0x52FA, 0x7A8A, 0x5AFE, 0x7ADC, 0x5ADC, 0x625C, 0x4B7C, 0x7F14, 0x4326, 0x0002}},
    {0x9E7D, 16, {0x0040, 0x7EFE, 0x4890, 0x7F1C, 0x43FE, 0x4282, 0x7EB2, 0x48BA, 0x4892, 0x7EFE, 0x0000, 0x3FFC, 0x3244, 0x3244, 0x7FFE, 0x0000}},
    {0x9E7F, 16, {0x0080, 0x0080, 0x3FFE, 0x2000, 0x2220, 0x3FFE, 0x2222, 0x2222, 0x3FFE, 0x2800, 0x2820, 0x2FBE, 0x6820, 0x4820, 0x4FA2, 0x0C3E}},
    {0x9E92, 16, {0x0804, 0x0844, 0x7F44, 0x54FE, 0x5444, 0x7F7C, 0x5544, 0x5544, 0x7F7C, 0x5044, 0x5464, 0x5FFE, 0x5400, 0x5424, 0x5E42, 0x0082}},
    {0x9E96, 16, {0x0080, 0x3FFE, 0x2240, 0x3FFC, 0x3FFC, 0x2840, 0x2FFC, 0x2FBE, 0x2880, 0x3FFC, 0x2FF8, 0x2808, 0x4FF8, 0x4490, 0x588C, 0x0180}},
    {0x9E97, 16, {0x7F7E, 0x0000, 0x3E7C, 0x2246, 0x3E7E, 0x0180, 0x3FFE, 0x2220, 0x3FFC, 0x2224, 0x3FFC, 0x2840, 0x2FFC, 0x4840, 0x4BC2, 0x083E}},
    {0x9E9F, 16, {0x0810, 0x0856, 0x7F54, 0x44FE, 0x5438, 0x7F7C, 0x55D2, 0x5590, 0x7FE4, 0x54BE, 0x5FA4, 0x5574, 0x545E, 0x5444, 0x7E84, 0x0004}},
    {0x9EA5, 16, {0x0000, 0x0180, 0x7FFE, 0x0180, 0x1990, 0x19B8, 0x27E4, 0x4660, 0x1B18, 0x67F6, 0x0C20, 0x3E60, 0x21C0, 0x03E0, 0x1E38, 0x3008}},
    {0x9EB5, 16, {0x0000, 0x08FE, 0x7F10, 0x2A10, 0x2AFE, 0x7DAA, 0x1CBA, 0x22AA, 0x50AA, 0x1EBA, 0x22AA, 0x74AA, 0x1CFE, 0x1E00, 0x63FE, 0x0000}},
    {0x9EBB, 16, {0x0080, 0x0080, 0x3FFE, 0x2200, 0x2218, 0x2218, 0x3FFE, 0x2618, 0x2718, 0x2FBC, 0x6A3C, 0x7A5A, 0x529A, 0x4218, 0x4218, 0x0200}},
    {0x9EBC, 16, {0x0080, 0x3FFE, 0x2000, 0x2210, 0x2FFE, 0x2638, 0x2F34, 0x2AD2, 0x2210, 0x2100, 0x2230, 0x6FC0, 0x4188, 0x460C, 0x4FFC, 0x4000}},
    {0x9EC3, 16, {0x0420, 0x3FFC, 0x0420, 0x0420, 0x07E0, 0x0000, 0x7FFE, 0x1FF8, 0x1188, 0x1188, 0x1FF8, 0x1188, 0x1FF8, 0x0C30, 0x381C, 0x4002}},
    {0x9ECE, 16, {0x0200, 0x7840, 0x087E, 0x7F92, 0x1CB2, 0x3A22, 0x6846, 0x498C, 0x0660, 0x1DB8, 0x799E, 0x05A0, 0x0180, 0x0FF0, 0x3998, 0x0300}},
    {0x9EDE, 16, {0x0010, 0x7F10, 0x6B10, 0x6F10, 0x5D1E, 0x4910, 0x7F10, 0x0810, 0x7FFE, 0x08C2, 0x7FC2, 0x00C2, 0x52C2, 0x55C2, 0x55FE, 0x0002}},
    {0x9F13, 16, {0x0810, 0x0810, 0x7F10, 0x08FE, 0x7F10, 0x0010, 0x0010, 0x7EFE, 0x6246, 0x7E44, 0x006C, 0x2638, 0x3438, 0x3F38, 0x7CC6, 0x0082}},
    {0x9F20, 16, {0x0200, 0x3C7C, 0x2004, 0x2004, 0x3F7C, 0x2004, 0x3FFC, 0x0000, 0x3108, 0x3FE8, 0x3108, 0x3FE8, 0x3108, 0x3108, 0x3DE6, 0x2106}},
    {0x9F8D, 16, {0x0040, 0x0840, 0x7F7E, 0x2240, 0x247E, 0x7F06, 0x007E, 0x3E40, 0x227C, 0x3E40, 0x227C, 0x3E40, 0x227C, 0x2240, 0x2242, 0x267E}},
    {0xFF08, 16, {0x0000, 0x0002, 0x0004, 0x000C, 0x0008, 0x0008, 0x0010, 0x0010, 0x0010, 0x0010, 0x0018, 0x0008, 0x0008, 0x000C, 0x0004, 0x0002}},
    {0xFF09, 16, {0x0000, 0x4000, 0x2000, 0x3000, 0x1000, 0x1000, 0x1800, 0x0800, 0x0800, 0x0800, 0x1800, 0x1000, 0x1000, 0x3000, 0x2000, 0x4000}},
    {0xFF0C, 16, {0x0000, 0x0000, 0x0000, 0x0000, 0x0000, 0x0000, 0x0180, 0x0180, 0x0080, 0x0080, 0x0100, 0x0000, 0x0000, 0x0000, 0x0000, 0x0000}},
    {0xFF0E, 16, {0x0000, 0x0000, 0x0000, 0x0000, 0x0000, 0x0000, 0x0000, 0x0180, 0x0180, 0x0000, 0x0000, 0x0000, 0x0000, 0x0000, 0x0000, 0x0000}},
    {0xFF0F, 16, {0x0000, 0x0002, 0x0004, 0x0008, 0x0010, 0x0020, 0x0040, 0x0080, 0x0100, 0x0200, 0x0400, 0x0800, 0x1000, 0x2000, 0x4000, 0x0000}},
    {0xFF1A, 16, {0x0000, 0x0000, 0x0000, 0x0180, 0x0180, 0x0000, 0x0000, 0x0000, 0x0000, 0x0000, 0x0000, 0x0180, 0x0180, 0x0000, 0x0000, 0x0000}},
    {0xFF1B, 16, {0x0000, 0x0000, 0x0000, 0x0180, 0x0180, 0x0000, 0x0000, 0x0000, 0x0000, 0x0000, 0x0180, 0x0180, 0x0080, 0x0080, 0x0180, 0x0300}},
};

const size_t kHkGlyphCount = sizeof(kHkGlyphs) / sizeof(kHkGlyphs[0]);
